forecast_cycle,forecast_period,months_ahead,scenario,feature_1_data_center_committed_mw,feature_2_grid_connection_probability_pct,feature_3_power_price_index,feature_4_avg_temperature_c,feature_5_cooling_efficiency_pue,feature_6_industrial_growth_index,feature_7_renewable_availability_pct,target_1_total_load_mwh,target_2_peak_load_mw,target_3_synthetic,target_4_synthetic,target_5_synthetic,target_6_synthetic,target_7_synthetic,target_8_synthetic,target_9_synthetic,target_10_synthetic,target_11_synthetic,target_12_synthetic,target_13_synthetic,target_14_synthetic,target_15_synthetic,target_16_synthetic,target_17_synthetic,target_18_synthetic,target_19_synthetic,target_20_synthetic,target_21_synthetic,target_22_synthetic,target_23_synthetic,target_24_synthetic,target_25_synthetic
2026-03,2027-01,10,uncertain_connection,123.48,44.57,101.27,-6.18,1.316,100.01,34.39,129100.41,302.3,129130.41,129140.41,129150.41,129160.41,129170.41,129180.41,129190.41,129200.41,129210.41,129220.41,129230.41,129240.41,129250.41,129260.41,129270.41,129280.41,129290.41,129300.41,129310.41,129320.41,129330.41,129340.41,129350.41
2026-03,2027-02,11,uncertain_connection,119.79,62.19,103.91,1.87,1.347,100.17,32.67,148264.35,333.76,148294.35,148304.35,148314.35,148324.35,148334.35,148344.35,148354.35,148364.35,148374.35,148384.35,148394.35,148404.35,148414.35,148424.35,148434.35,148444.35,148454.35,148464.35,148474.35,148484.35,148494.35,148504.35,148514.35
2026-03,2027-03,12,uncertain_connection,117.77,54.77,108.4,8.21,1.318,100.41,33.44,139719.01,317.96,139749.01,139759.01,139769.01,139779.01,139789.01,139799.01,139809.01,139819.01,139829.01,139839.01,139849.01,139859.01,139869.01,139879.01,139889.01,139899.01,139909.01,139919.01,139929.01,139939.01,139949.01,139959.01,139969.01
2026-03,2027-04,13,uncertain_connection,124.3,61.84,107.07,15.29,1.32,100.33,29.45,152078.51,346.91,152108.51,152118.51,152128.51,152138.51,152148.51,152158.51,152168.51,152178.51,152188.51,152198.51,152208.51,152218.51,152228.51,152238.51,152248.51,152258.51,152268.51,152278.51,152288.51,152298.51,152308.51,152318.51,152328.51
2026-03,2027-05,14,uncertain_connection,136.66,63.76,107.34,20.88,1.333,100.82,32.33,164778.52,371.98,164808.52,164818.52,164828.52,164838.52,164848.52,164858.52,164868.52,164878.52,164888.52,164898.52,164908.52,164918.52,164928.52,164938.52,164948.52,164958.52,164968.52,164978.52,164988.52,164998.52,165008.52,165018.52,165028.52
2026-03,2027-06,15,uncertain_connection,138.29,61.47,110.3,21.69,1.361,100.68,25.41,167334.86,382.13,167364.86,167374.86,167384.86,167394.86,167404.86,167414.86,167424.86,167434.86,167444.86,167454.86,167464.86,167474.86,167484.86,167494.86,167504.86,167514.86,167524.86,167534.86,167544.86,167554.86,167564.86,167574.86,167584.86
2026-03,2027-07,16,uncertain_connection,142.1,59.9,108.76,17.73,1.31,100.25,27.39,160955.92,370.1,160985.92,160995.92,161005.92,161015.92,161025.92,161035.92,161045.92,161055.92,161065.92,161075.92,161085.92,161095.92,161105.92,161115.92,161125.92,161135.92,161145.92,161155.92,161165.92,161175.92,161185.92,161195.92,161205.92
2026-03,2027-08,17,uncertain_connection,150.83,54.18,107.45,14.1,1.315,100.99,25.38,160732.64,364.79,160762.64,160772.64,160782.64,160792.64,160802.64,160812.64,160822.64,160832.64,160842.64,160852.64,160862.64,160872.64,160882.64,160892.64,160902.64,160912.64,160922.64,160932.64,160942.64,160952.64,160962.64,160972.64,160982.64
2026-03,2027-09,18,uncertain_connection,153.26,51.33,104.6,8.25,1.329,101.29,25.62,154402.59,363.23,154432.59,154442.59,154452.59,154462.59,154472.59,154482.59,154492.59,154502.59,154512.59,154522.59,154532.59,154542.59,154552.59,154562.59,154572.59,154582.59,154592.59,154602.59,154612.59,154622.59,154632.59,154642.59,154652.59
2026-03,2027-10,19,uncertain_connection,163.88,48.62,102.24,1.15,1.306,100.98,26.72,155746.64,362.4,155776.64,155786.64,155796.64,155806.64,155816.64,155826.64,155836.64,155846.64,155856.64,155866.64,155876.64,155886.64,155896.64,155906.64,155916.64,155926.64,155936.64,155946.64,155956.64,155966.64,155976.64,155986.64,155996.64
2026-03,2027-11,20,uncertain_connection,160.9,42.75,102.22,-4.65,1.325,101.18,30.94,144008.35,338.03,144038.35,144048.35,144058.35,144068.35,144078.35,144088.35,144098.35,144108.35,144118.35,144128.35,144138.35,144148.35,144158.35,144168.35,144178.35,144188.35,144198.35,144208.35,144218.35,144228.35,144238.35,144248.35,144258.35
2026-03,2027-12,21,uncertain_connection,170.96,51.93,101.19,-4.85,1.326,101.37,37.39,165047.76,380.03,165077.76,165087.76,165097.76,165107.76,165117.76,165127.76,165137.76,165147.76,165157.76,165167.76,165177.76,165187.76,165197.76,165207.76,165217.76,165227.76,165237.76,165247.76,165257.76,165267.76,165277.76,165287.76,165297.76
2026-03,2028-01,22,uncertain_connection,169.23,47.76,101.49,-4.29,1.31,101.23,38.38,153979.73,367.29,154009.73,154019.73,154029.73,154039.73,154049.73,154059.73,154069.73,154079.73,154089.73,154099.73,154109.73,154119.73,154129.73,154139.73,154149.73,154159.73,154169.73,154179.73,154189.73,154199.73,154209.73,154219.73,154229.73
2026-03,2028-02,23,uncertain_connection,173.68,60.32,99.71,2.23,1.331,102.28,37.86,179709.62,411.67,179739.62,179749.62,179759.62,179769.62,179779.62,179789.62,179799.62,179809.62,179819.62,179829.62,179839.62,179849.62,179859.62,179869.62,179879.62,179889.62,179899.62,179909.62,179919.62,179929.62,179939.62,179949.62,179959.62
2026-03,2028-03,24,uncertain_connection,179.2,65.52,100.0,7.56,1.323,101.51,40.0,191548.62,437.1,191578.62,191588.62,191598.62,191608.62,191618.62,191628.62,191638.62,191648.62,191658.62,191668.62,191678.62,191688.62,191698.62,191708.62,191718.62,191728.62,191738.62,191748.62,191758.62,191768.62,191778.62,191788.62,191798.62
2026-03,2028-04,25,uncertain_connection,186.12,65.01,101.21,12.63,1.32,102.05,36.46,199190.87,459.9,199220.87,199230.87,199240.87,199250.87,199260.87,199270.87,199280.87,199290.87,199300.87,199310.87,199320.87,199330.87,199340.87,199350.87,199360.87,199370.87,199380.87,199390.87,199400.87,199410.87,199420.87,199430.87,199440.87
2026-03,2028-05,26,accelerated_ai_load,182.23,73.35,100.53,18.66,1.331,101.18,36.1,214373.5,480.52,214403.5,214413.5,214423.5,214433.5,214443.5,214453.5,214463.5,214473.5,214483.5,214493.5,214503.5,214513.5,214523.5,214533.5,214543.5,214553.5,214563.5,214573.5,214583.5,214593.5,214603.5,214613.5,214623.5
2026-03,2028-06,27,accelerated_ai_load,187.51,74.49,104.15,22.39,1.349,101.98,31.69,219835.06,503.29,219865.06,219875.06,219885.06,219895.06,219905.06,219915.06,219925.06,219935.06,219945.06,219955.06,219965.06,219975.06,219985.06,219995.06,220005.06,220015.06,220025.06,220035.06,220045.06,220055.06,220065.06,220075.06,220085.06
2026-03,2028-07,28,accelerated_ai_load,204.38,72.59,106.3,18.99,1.323,102.49,29.95,225428.23,521.05,225458.23,225468.23,225478.23,225488.23,225498.23,225508.23,225518.23,225528.23,225538.23,225548.23,225558.23,225568.23,225578.23,225588.23,225598.23,225608.23,225618.23,225628.23,225638.23,225648.23,225658.23,225668.23,225678.23
2026-03,2028-08,29,accelerated_ai_load,201.58,82.52,105.93,14.4,1.307,102.45,30.82,239707.09,530.76,239737.09,239747.09,239757.09,239767.09,239777.09,239787.09,239797.09,239807.09,239817.09,239827.09,239837.09,239847.09,239857.09,239867.09,239877.09,239887.09,239897.09,239907.09,239917.09,239927.09,239937.09,239947.09,239957.09
2026-03,2028-09,30,accelerated_ai_load,195.33,72.68,110.82,9.17,1.32,102.25,30.18,215320.66,480.46,215350.66,215360.66,215370.66,215380.66,215390.66,215400.66,215410.66,215420.66,215430.66,215440.66,215450.66,215460.66,215470.66,215480.66,215490.66,215500.66,215510.66,215520.66,215530.66,215540.66,215550.66,215560.66,215570.66
2026-03,2028-10,31,uncertain_connection,213.53,68.03,111.04,1.23,1.333,102.21,37.03,220225.08,502.25,220255.08,220265.08,220275.08,220285.08,220295.08,220305.08,220315.08,220325.08,220335.08,220345.08,220355.08,220365.08,220375.08,220385.08,220395.08,220405.08,220415.08,220425.08,220435.08,220445.08,220455.08,220465.08,220475.08
2026-03,2028-11,32,uncertain_connection,218.99,70.46,111.12,-0.96,1.32,101.83,34.37,226832.7,523.06,226862.7,226872.7,226882.7,226892.7,226902.7,226912.7,226922.7,226932.7,226942.7,226952.7,226962.7,226972.7,226982.7,226992.7,227002.7,227012.7,227022.7,227032.7,227042.7,227052.7,227062.7,227072.7,227082.7
2026-03,2028-12,33,uncertain_connection,213.67,65.23,112.92,-5.06,1.328,102.96,42.78,213107.06,495.2,213137.06,213147.06,213157.06,213167.06,213177.06,213187.06,213197.06,213207.06,213217.06,213227.06,213237.06,213247.06,213257.06,213267.06,213277.06,213287.06,213297.06,213307.06,213317.06,213327.06,213337.06,213347.06,213357.06
2026-03,2029-01,34,uncertain_connection,223.48,70.71,110.69,-4.81,1.323,102.71,42.15,232757.55,536.18,232787.55,232797.55,232807.55,232817.55,232827.55,232837.55,232847.55,232857.55,232867.55,232877.55,232887.55,232897.55,232907.55,232917.55,232927.55,232937.55,232947.55,232957.55,232967.55,232977.55,232987.55,232997.55,233007.55
2026-03,2029-02,35,uncertain_connection,231.06,61.3,109.44,1.48,1.315,103.23,45.04,216474.88,514.88,216504.88,216514.88,216524.88,216534.88,216544.88,216554.88,216564.88,216574.88,216584.88,216594.88,216604.88,216614.88,216624.88,216634.88,216644.88,216654.88,216664.88,216674.88,216684.88,216694.88,216704.88,216714.88,216724.88
2026-03,2029-03,36,uncertain_connection,231.71,70.46,109.76,7.85,1.319,102.68,42.31,238536.13,553.68,238566.13,238576.13,238586.13,238596.13,238606.13,238616.13,238626.13,238636.13,238646.13,238656.13,238666.13,238676.13,238686.13,238696.13,238706.13,238716.13,238726.13,238736.13,238746.13,238756.13,238766.13,238776.13,238786.13
2026-03,2029-04,37,uncertain_connection,234.95,67.79,109.92,13.47,1.326,103.75,42.5,237127.47,547.22,237157.47,237167.47,237177.47,237187.47,237197.47,237207.47,237217.47,237227.47,237237.47,237247.47,237257.47,237267.47,237277.47,237287.47,237297.47,237307.47,237317.47,237327.47,237337.47,237347.47,237357.47,237367.47,237377.47
2026-03,2029-05,38,accelerated_ai_load,236.65,80.02,106.2,19.69,1.326,103.64,43.15,270451.33,606.61,270481.33,270491.33,270501.33,270511.33,270521.33,270531.33,270541.33,270551.33,270561.33,270571.33,270581.33,270591.33,270601.33,270611.33,270621.33,270631.33,270641.33,270651.33,270661.33,270671.33,270681.33,270691.33,270701.33
2026-03,2029-06,39,accelerated_ai_load,245.42,76.65,105.51,21.19,1.333,103.46,35.15,270289.97,612.03,270319.97,270329.97,270339.97,270349.97,270359.97,270369.97,270379.97,270389.97,270399.97,270409.97,270419.97,270429.97,270439.97,270449.97,270459.97,270469.97,270479.97,270489.97,270499.97,270509.97,270519.97,270529.97,270539.97
2026-03,2029-07,40,accelerated_ai_load,244.65,84.18,102.96,19.13,1.323,103.89,38.84,284469.02,652.34,284499.02,284509.02,284519.02,284529.02,284539.02,284549.02,284559.02,284569.02,284579.02,284589.02,284599.02,284609.02,284619.02,284629.02,284639.02,284649.02,284659.02,284669.02,284679.02,284689.02,284699.02,284709.02,284719.02
2026-03,2029-08,41,accelerated_ai_load,256.54,87.19,104.26,14.06,1.313,104.41,34.66,299432.38,678.1,299462.38,299472.38,299482.38,299492.38,299502.38,299512.38,299522.38,299532.38,299542.38,299552.38,299562.38,299572.38,299582.38,299592.38,299602.38,299612.38,299622.38,299632.38,299642.38,299652.38,299662.38,299672.38,299682.38
2026-03,2029-09,42,accelerated_ai_load,255.29,87.76,103.86,8.8,1.341,104.5,35.46,303354.82,673.09,303384.82,303394.82,303404.82,303414.82,303424.82,303434.82,303444.82,303454.82,303464.82,303474.82,303484.82,303494.82,303504.82,303514.82,303524.82,303534.82,303544.82,303554.82,303564.82,303574.82,303584.82,303594.82,303604.82
2026-03,2029-10,43,accelerated_ai_load,264.14,94.16,105.3,1.88,1.323,104.14,35.27,321880.18,717.04,321910.18,321920.18,321930.18,321940.18,321950.18,321960.18,321970.18,321980.18,321990.18,322000.18,322010.18,322020.18,322030.18,322040.18,322050.18,322060.18,322070.18,322080.18,322090.18,322100.18,322110.18,322120.18,322130.18
2026-03,2029-11,44,accelerated_ai_load,264.49,84.07,107.86,-4.34,1.312,103.97,37.53,294375.14,669.48,294405.14,294415.14,294425.14,294435.14,294445.14,294455.14,294465.14,294475.14,294485.14,294495.14,294505.14,294515.14,294525.14,294535.14,294545.14,294555.14,294565.14,294575.14,294585.14,294595.14,294605.14,294615.14,294625.14
2026-03,2029-12,45,accelerated_ai_load,264.27,86.38,107.25,-3.73,1.32,104.17,40.89,299199.99,683.43,299229.99,299239.99,299249.99,299259.99,299269.99,299279.99,299289.99,299299.99,299309.99,299319.99,299329.99,299339.99,299349.99,299359.99,299369.99,299379.99,299389.99,299399.99,299409.99,299419.99,299429.99,299439.99,299449.99
2026-03,2030-01,46,accelerated_ai_load,268.5,79.46,108.8,-4.72,1.317,104.11,48.13,286483.98,656.32,286513.98,286523.98,286533.98,286543.98,286553.98,286563.98,286573.98,286583.98,286593.98,286603.98,286613.98,286623.98,286633.98,286643.98,286653.98,286663.98,286673.98,286683.98,286693.98,286703.98,286713.98,286723.98,286733.98
2026-03,2030-02,47,accelerated_ai_load,272.21,77.05,111.15,1.15,1.321,104.03,47.06,282822.83,661.42,282852.83,282862.83,282872.83,282882.83,282892.83,282902.83,282912.83,282922.83,282932.83,282942.83,282952.83,282962.83,282972.83,282982.83,282992.83,283002.83,283012.83,283022.83,283032.83,283042.83,283052.83,283062.83,283072.83
2026-03,2030-03,48,accelerated_ai_load,286.57,76.86,113.35,9.12,1.33,103.99,46.4,295866.61,678.75,295896.61,295906.61,295916.61,295926.61,295936.61,295946.61,295956.61,295966.61,295976.61,295986.61,295996.61,296006.61,296016.61,296026.61,296036.61,296046.61,296056.61,296066.61,296076.61,296086.61,296096.61,296106.61,296116.61
2026-03,2030-04,49,accelerated_ai_load,290.62,83.74,113.33,14.19,1.332,104.32,50.0,323084.97,735.18,323114.97,323124.97,323134.97,323144.97,323154.97,323164.97,323174.97,323184.97,323194.97,323204.97,323214.97,323224.97,323234.97,323244.97,323254.97,323264.97,323274.97,323284.97,323294.97,323304.97,323314.97,323324.97,323334.97
2026-03,2030-05,50,accelerated_ai_load,286.52,79.94,113.99,19.28,1.305,105.13,44.05,307225.2,706.9,307255.2,307265.2,307275.2,307285.2,307295.2,307305.2,307315.2,307325.2,307335.2,307345.2,307355.2,307365.2,307375.2,307385.2,307395.2,307405.2,307415.2,307425.2,307435.2,307445.2,307455.2,307465.2,307475.2
2026-03,2030-06,51,accelerated_ai_load,293.99,85.88,116.65,20.85,1.337,104.95,44.7,333089.01,751.66,333119.01,333129.01,333139.01,333149.01,333159.01,333169.01,333179.01,333189.01,333199.01,333209.01,333219.01,333229.01,333239.01,333249.01,333259.01,333269.01,333279.01,333289.01,333299.01,333309.01,333319.01,333329.01,333339.01
2026-03,2030-07,52,accelerated_ai_load,294.41,89.57,113.59,20.28,1.332,104.89,41.94,346072.23,786.12,346102.23,346112.23,346122.23,346132.23,346142.23,346152.23,346162.23,346172.23,346182.23,346192.23,346202.23,346212.23,346222.23,346232.23,346242.23,346252.23,346262.23,346272.23,346282.23,346292.23,346302.23,346312.23,346322.23
2026-03,2030-08,53,accelerated_ai_load,311.69,92.92,113.02,15.92,1.31,105.27,41.31,363230.1,814.3,363260.1,363270.1,363280.1,363290.1,363300.1,363310.1,363320.1,363330.1,363340.1,363350.1,363360.1,363370.1,363380.1,363390.1,363400.1,363410.1,363420.1,363430.1,363440.1,363450.1,363460.1,363470.1,363480.1
2026-03,2030-09,54,accelerated_ai_load,305.22,94.01,113.1,7.56,1.322,105.37,41.76,361698.55,817.01,361728.55,361738.55,361748.55,361758.55,361768.55,361778.55,361788.55,361798.55,361808.55,361818.55,361828.55,361838.55,361848.55,361858.55,361868.55,361878.55,361888.55,361898.55,361908.55,361918.55,361928.55,361938.55,361948.55
2026-03,2030-10,55,accelerated_ai_load,307.37,96.0,109.02,0.49,1.312,104.86,41.79,365170.33,825.66,365200.33,365210.33,365220.33,365230.33,365240.33,365250.33,365260.33,365270.33,365280.33,365290.33,365300.33,365310.33,365320.33,365330.33,365340.33,365350.33,365360.33,365370.33,365380.33,365390.33,365400.33,365410.33,365420.33
2026-03,2030-11,56,accelerated_ai_load,315.36,96.0,109.02,-2.87,1.347,105.63,43.29,378407.28,858.03,378437.28,378447.28,378457.28,378467.28,378477.28,378487.28,378497.28,378507.28,378517.28,378527.28,378537.28,378547.28,378557.28,378567.28,378577.28,378587.28,378597.28,378607.28,378617.28,378627.28,378637.28,378647.28,378657.28
2026-03,2030-12,57,accelerated_ai_load,316.47,96.0,107.56,-4.27,1.291,105.69,46.82,367258.43,832.78,367288.43,367298.43,367308.43,367318.43,367328.43,367338.43,367348.43,367358.43,367368.43,367378.43,367388.43,367398.43,367408.43,367418.43,367428.43,367438.43,367448.43,367458.43,367468.43,367478.43,367488.43,367498.43,367508.43
2026-03,2031-01,58,accelerated_ai_load,327.91,95.53,105.92,-2.6,1.338,106.07,53.18,387978.26,874.03,388008.26,388018.26,388028.26,388038.26,388048.26,388058.26,388068.26,388078.26,388088.26,388098.26,388108.26,388118.26,388128.26,388138.26,388148.26,388158.26,388168.26,388178.26,388188.26,388198.26,388208.26,388218.26,388228.26
2026-03,2031-02,59,accelerated_ai_load,326.63,95.04,106.41,1.23,1.316,105.83,56.4,385284.07,865.85,385314.07,385324.07,385334.07,385344.07,385354.07,385364.07,385374.07,385384.07,385394.07,385404.07,385414.07,385424.07,385434.07,385444.07,385454.07,385464.07,385474.07,385484.07,385494.07,385504.07,385514.07,385524.07,385534.07
2026-03,2031-03,60,accelerated_ai_load,329.8,89.88,105.48,9.6,1.32,106.57,47.98,370782.81,838.72,370812.81,370822.81,370832.81,370842.81,370852.81,370862.81,370872.81,370882.81,370892.81,370902.81,370912.81,370922.81,370932.81,370942.81,370952.81,370962.81,370972.81,370982.81,370992.81,371002.81,371012.81,371022.81,371032.81
2026-03,2031-04,61,accelerated_ai_load,334.06,85.46,108.53,15.79,1.317,106.01,51.37,361937.03,824.3,361967.03,361977.03,361987.03,361997.03,362007.03,362017.03,362027.03,362037.03,362047.03,362057.03,362067.03,362077.03,362087.03,362097.03,362107.03,362117.03,362127.03,362137.03,362147.03,362157.03,362167.03,362177.03,362187.03
2026-03,2031-05,62,accelerated_ai_load,331.24,89.81,107.49,21.16,1.326,106.52,51.32,378853.18,853.68,378883.18,378893.18,378903.18,378913.18,378923.18,378933.18,378943.18,378953.18,378963.18,378973.18,378983.18,378993.18,379003.18,379013.18,379023.18,379033.18,379043.18,379053.18,379063.18,379073.18,379083.18,379093.18,379103.18
2026-03,2031-06,63,accelerated_ai_load,351.59,96.0,109.72,20.8,1.336,106.0,50.58,419908.97,951.05,419938.97,419948.97,419958.97,419968.97,419978.97,419988.97,419998.97,420008.97,420018.97,420028.97,420038.97,420048.97,420058.97,420068.97,420078.97,420088.97,420098.97,420108.97,420118.97,420128.97,420138.97,420148.97,420158.97
2026-03,2031-07,64,accelerated_ai_load,339.89,94.68,112.86,18.82,1.319,106.63,42.62,398138.51,895.46,398168.51,398178.51,398188.51,398198.51,398208.51,398218.51,398228.51,398238.51,398248.51,398258.51,398268.51,398278.51,398288.51,398298.51,398308.51,398318.51,398328.51,398338.51,398348.51,398358.51,398368.51,398378.51,398388.51
2026-03,2031-08,65,accelerated_ai_load,352.68,96.0,114.46,15.21,1.325,106.53,47.45,412674.69,935.85,412704.69,412714.69,412724.69,412734.69,412744.69,412754.69,412764.69,412774.69,412784.69,412794.69,412804.69,412814.69,412824.69,412834.69,412844.69,412854.69,412864.69,412874.69,412884.69,412894.69,412904.69,412914.69,412924.69
2026-03,2031-09,66,accelerated_ai_load,359.05,96.0,114.25,9.15,1.315,106.54,45.73,420955.15,944.76,420985.15,420995.15,421005.15,421015.15,421025.15,421035.15,421045.15,421055.15,421065.15,421075.15,421085.15,421095.15,421105.15,421115.15,421125.15,421135.15,421145.15,421155.15,421165.15,421175.15,421185.15,421195.15,421205.15
2026-03,2031-10,67,accelerated_ai_load,346.43,96.0,115.27,-0.3,1.32,107.15,47.31,405742.56,921.38,405772.56,405782.56,405792.56,405802.56,405812.56,405822.56,405832.56,405842.56,405852.56,405862.56,405872.56,405882.56,405892.56,405902.56,405912.56,405922.56,405932.56,405942.56,405952.56,405962.56,405972.56,405982.56,405992.56
2026-03,2031-11,68,accelerated_ai_load,367.95,96.0,117.92,-1.57,1.326,106.95,48.13,426297.89,969.56,426327.89,426337.89,426347.89,426357.89,426367.89,426377.89,426387.89,426397.89,426407.89,426417.89,426427.89,426437.89,426447.89,426457.89,426467.89,426477.89,426487.89,426497.89,426507.89,426517.89,426527.89,426537.89,426547.89
2026-03,2031-12,69,accelerated_ai_load,366.59,96.0,117.1,-5.09,1.316,106.97,53.64,423089.82,950.82,423119.82,423129.82,423139.82,423149.82,423159.82,423169.82,423179.82,423189.82,423199.82,423209.82,423219.82,423229.82,423239.82,423249.82,423259.82,423269.82,423279.82,423289.82,423299.82,423309.82,423319.82,423329.82,423339.82
2026-03,2032-01,70,accelerated_ai_load,366.19,96.0,116.95,-3.79,1.323,107.81,56.28,422355.82,965.44,422385.82,422395.82,422405.82,422415.82,422425.82,422435.82,422445.82,422455.82,422465.82,422475.82,422485.82,422495.82,422505.82,422515.82,422525.82,422535.82,422545.82,422555.82,422565.82,422575.82,422585.82,422595.82,422605.82
2026-03,2032-02,71,accelerated_ai_load,363.83,96.0,116.08,0.38,1.315,106.72,55.63,419390.98,944.37,419420.98,419430.98,419440.98,419450.98,419460.98,419470.98,419480.98,419490.98,419500.98,419510.98,419520.98,419530.98,419540.98,419550.98,419560.98,419570.98,419580.98,419590.98,419600.98,419610.98,419620.98,419630.98,419640.98
2026-03,2032-03,72,accelerated_ai_load,381.11,96.0,114.58,7.46,1.33,107.36,51.94,444421.33,1011.1,444451.33,444461.33,444471.33,444481.33,444491.33,444501.33,444511.33,444521.33,444531.33,444541.33,444551.33,444561.33,444571.33,444581.33,444591.33,444601.33,444611.33,444621.33,444631.33,444641.33,444651.33,444661.33,444671.33
2026-03,2032-04,73,accelerated_ai_load,389.5,96.0,113.98,14.43,1.296,107.37,54.05,445658.51,1004.68,445688.51,445698.51,445708.51,445718.51,445728.51,445738.51,445748.51,445758.51,445768.51,445778.51,445788.51,445798.51,445808.51,445818.51,445828.51,445838.51,445848.51,445858.51,445868.51,445878.51,445888.51,445898.51,445908.51
2026-03,2032-05,74,accelerated_ai_load,386.11,96.0,110.27,19.11,1.324,107.59,52.6,447320.68,1001.85,447350.68,447360.68,447370.68,447380.68,447390.68,447400.68,447410.68,447420.68,447430.68,447440.68,447450.68,447460.68,447470.68,447480.68,447490.68,447500.68,447510.68,447520.68,447530.68,447540.68,447550.68,447560.68,447570.68
2026-03,2032-06,75,accelerated_ai_load,390.86,96.0,109.36,19.9,1.31,107.16,52.69,451699.63,1017.28,451729.63,451739.63,451749.63,451759.63,451769.63,451779.63,451789.63,451799.63,451809.63,451819.63,451829.63,451839.63,451849.63,451859.63,451869.63,451879.63,451889.63,451899.63,451909.63,451919.63,451929.63,451939.63,451949.63
2026-03,2032-07,76,accelerated_ai_load,396.62,96.0,109.12,20.42,1.323,106.83,49.16,460671.5,1035.15,460701.5,460711.5,460721.5,460731.5,460741.5,460751.5,460761.5,460771.5,460781.5,460791.5,460801.5,460811.5,460821.5,460831.5,460841.5,460851.5,460861.5,460871.5,460881.5,460891.5,460901.5,460911.5,460921.5
2026-03,2032-08,77,accelerated_ai_load,402.41,96.0,107.74,13.68,1.305,108.34,53.92,460052.36,1047.24,460082.36,460092.36,460102.36,460112.36,460122.36,460132.36,460142.36,460152.36,460162.36,460172.36,460182.36,460192.36,460202.36,460212.36,460222.36,460232.36,460242.36,460252.36,460262.36,460272.36,460282.36,460292.36,460302.36
2026-03,2032-09,78,accelerated_ai_load,411.72,96.0,109.92,10.32,1.302,107.86,51.44,464627.47,1037.71,464657.47,464667.47,464677.47,464687.47,464697.47,464707.47,464717.47,464727.47,464737.47,464747.47,464757.47,464767.47,464777.47,464787.47,464797.47,464807.47,464817.47,464827.47,464837.47,464847.47,464857.47,464867.47,464877.47
2026-03,2032-10,79,accelerated_ai_load,403.87,96.0,108.22,1.95,1.311,107.64,52.82,457930.82,1027.97,457960.82,457970.82,457980.82,457990.82,458000.82,458010.82,458020.82,458030.82,458040.82,458050.82,458060.82,458070.82,458080.82,458090.82,458100.82,458110.82,458120.82,458130.82,458140.82,458150.82,458160.82,458170.82,458180.82
2026-03,2032-11,80,accelerated_ai_load,416.29,96.0,111.25,-3.88,1.318,108.27,58.72,470651.29,1066.58,470681.29,470691.29,470701.29,470711.29,470721.29,470731.29,470741.29,470751.29,470761.29,470771.29,470781.29,470791.29,470801.29,470811.29,470821.29,470831.29,470841.29,470851.29,470861.29,470871.29,470881.29,470891.29,470901.29
2026-03,2032-12,81,accelerated_ai_load,421.45,96.0,114.47,-4.86,1.316,108.45,57.3,476429.2,1086.16,476459.2,476469.2,476479.2,476489.2,476499.2,476509.2,476519.2,476529.2,476539.2,476549.2,476559.2,476569.2,476579.2,476589.2,476599.2,476609.2,476619.2,476629.2,476639.2,476649.2,476659.2,476669.2,476679.2
2026-03,2033-01,82,accelerated_ai_load,422.74,96.0,114.47,-5.35,1.331,108.57,62.37,483040.5,1087.44,483070.5,483080.5,483090.5,483100.5,483110.5,483120.5,483130.5,483140.5,483150.5,483160.5,483170.5,483180.5,483190.5,483200.5,483210.5,483220.5,483230.5,483240.5,483250.5,483260.5,483270.5,483280.5,483290.5
2026-03,2033-02,83,accelerated_ai_load,435.78,96.0,116.01,3.71,1.312,108.52,62.96,488347.82,1108.23,488377.82,488387.82,488397.82,488407.82,488417.82,488427.82,488437.82,488447.82,488457.82,488467.82,488477.82,488487.82,488497.82,488507.82,488517.82,488527.82,488537.82,488547.82,488557.82,488567.82,488577.82,488587.82,488597.82
2026-03,2033-03,84,accelerated_ai_load,429.24,96.0,119.55,7.71,1.347,108.92,61.97,495833.82,1115.84,495863.82,495873.82,495883.82,495893.82,495903.82,495913.82,495923.82,495933.82,495943.82,495953.82,495963.82,495973.82,495983.82,495993.82,496003.82,496013.82,496023.82,496033.82,496043.82,496053.82,496063.82,496073.82,496083.82
2026-03,2033-04,85,accelerated_ai_load,443.06,96.0,118.25,15.81,1.313,108.61,60.22,499386.18,1134.3,499416.18,499426.18,499436.18,499446.18,499456.18,499466.18,499476.18,499486.18,499496.18,499506.18,499516.18,499526.18,499536.18,499546.18,499556.18,499566.18,499576.18,499586.18,499596.18,499606.18,499616.18,499626.18,499636.18
2026-03,2033-05,86,accelerated_ai_load,428.25,96.0,119.39,20.82,1.356,109.41,59.75,502988.49,1140.95,503018.49,503028.49,503038.49,503048.49,503058.49,503068.49,503078.49,503088.49,503098.49,503108.49,503118.49,503128.49,503138.49,503148.49,503158.49,503168.49,503178.49,503188.49,503198.49,503208.49,503218.49,503228.49,503238.49
2026-03,2033-06,87,accelerated_ai_load,436.93,96.0,119.83,19.72,1.318,108.95,56.91,498874.48,1138.1,498904.48,498914.48,498924.48,498934.48,498944.48,498954.48,498964.48,498974.48,498984.48,498994.48,499004.48,499014.48,499024.48,499034.48,499044.48,499054.48,499064.48,499074.48,499084.48,499094.48,499104.48,499114.48,499124.48
2026-03,2033-07,88,accelerated_ai_load,448.14,96.0,119.83,19.23,1.315,109.6,53.16,508937.47,1152.76,508967.47,508977.47,508987.47,508997.47,509007.47,509017.47,509027.47,509037.47,509047.47,509057.47,509067.47,509077.47,509087.47,509097.47,509107.47,509117.47,509127.47,509137.47,509147.47,509157.47,509167.47,509177.47,509187.47
2026-03,2033-08,89,accelerated_ai_load,452.46,96.0,118.62,14.82,1.319,109.09,55.24,509227.91,1153.59,509257.91,509267.91,509277.91,509287.91,509297.91,509307.91,509317.91,509327.91,509337.91,509347.91,509357.91,509367.91,509377.91,509387.91,509397.91,509407.91,509417.91,509427.91,509437.91,509447.91,509457.91,509467.91,509477.91
2026-03,2033-09,90,accelerated_ai_load,463.39,96.0,115.88,7.35,1.318,110.03,58.49,518008.08,1170.12,518038.08,518048.08,518058.08,518068.08,518078.08,518088.08,518098.08,518108.08,518118.08,518128.08,518138.08,518148.08,518158.08,518168.08,518178.08,518188.08,518198.08,518208.08,518218.08,518228.08,518238.08,518248.08,518258.08
2026-03,2033-10,91,accelerated_ai_load,458.9,96.0,114.86,2.44,1.316,109.64,58.61,513655.1,1165.2,513685.1,513695.1,513705.1,513715.1,513725.1,513735.1,513745.1,513755.1,513765.1,513775.1,513785.1,513795.1,513805.1,513815.1,513825.1,513835.1,513845.1,513855.1,513865.1,513875.1,513885.1,513895.1,513905.1
2026-03,2033-11,92,accelerated_ai_load,465.5,96.0,114.63,-1.86,1.307,109.41,60.35,513536.2,1167.82,513566.2,513576.2,513586.2,513596.2,513606.2,513616.2,513626.2,513636.2,513646.2,513656.2,513666.2,513676.2,513686.2,513696.2,513706.2,513716.2,513726.2,513736.2,513746.2,513756.2,513766.2,513776.2,513786.2
2026-03,2033-12,93,accelerated_ai_load,477.77,96.0,114.1,-6.93,1.322,110.03,61.08,533332.42,1207.95,533362.42,533372.42,533382.42,533392.42,533402.42,533412.42,533422.42,533432.42,533442.42,533452.42,533462.42,533472.42,533482.42,533492.42,533502.42,533512.42,533522.42,533532.42,533542.42,533552.42,533562.42,533572.42,533582.42
2026-03,2034-01,94,accelerated_ai_load,477.8,96.0,112.13,-3.97,1.32,109.17,64.99,531050.13,1203.16,531080.13,531090.13,531100.13,531110.13,531120.13,531130.13,531140.13,531150.13,531160.13,531170.13,531180.13,531190.13,531200.13,531210.13,531220.13,531230.13,531240.13,531250.13,531260.13,531270.13,531280.13,531290.13,531300.13
2026-03,2034-02,95,accelerated_ai_load,484.71,96.0,111.63,2.18,1.337,110.13,68.81,546825.68,1238.34,546855.68,546865.68,546875.68,546885.68,546895.68,546905.68,546915.68,546925.68,546935.68,546945.68,546955.68,546965.68,546975.68,546985.68,546995.68,547005.68,547015.68,547025.68,547035.68,547045.68,547055.68,547065.68,547075.68
2026-03,2034-03,96,accelerated_ai_load,479.63,96.0,111.28,9.37,1.302,110.64,62.97,530972.03,1211.51,531002.03,531012.03,531022.03,531032.03,531042.03,531052.03,531062.03,531072.03,531082.03,531092.03,531102.03,531112.03,531122.03,531132.03,531142.03,531152.03,531162.03,531172.03,531182.03,531192.03,531202.03,531212.03,531222.03
2026-03,2034-04,97,accelerated_ai_load,483.38,96.0,112.15,13.83,1.314,110.4,64.97,538963.08,1232.45,538993.08,539003.08,539013.08,539023.08,539033.08,539043.08,539053.08,539063.08,539073.08,539083.08,539093.08,539103.08,539113.08,539123.08,539133.08,539143.08,539153.08,539163.08,539173.08,539183.08,539193.08,539203.08,539213.08
2026-03,2034-05,98,accelerated_ai_load,490.88,96.0,112.23,18.99,1.302,110.02,61.04,542722.72,1234.04,542752.72,542762.72,542772.72,542782.72,542792.72,542802.72,542812.72,542822.72,542832.72,542842.72,542852.72,542862.72,542872.72,542882.72,542892.72,542902.72,542912.72,542922.72,542932.72,542942.72,542952.72,542962.72,542972.72
2026-03,2034-06,99,accelerated_ai_load,476.68,96.0,115.73,20.31,1.317,110.53,62.24,539429.43,1220.02,539459.43,539469.43,539479.43,539489.43,539499.43,539509.43,539519.43,539529.43,539539.43,539549.43,539559.43,539569.43,539579.43,539589.43,539599.43,539609.43,539619.43,539629.43,539639.43,539649.43,539659.43,539669.43,539679.43
2026-03,2034-07,100,accelerated_ai_load,492.03,96.0,116.99,20.0,1.305,111.02,62.06,546165.76,1247.35,546195.76,546205.76,546215.76,546225.76,546235.76,546245.76,546255.76,546265.76,546275.76,546285.76,546295.76,546305.76,546315.76,546325.76,546335.76,546345.76,546355.76,546365.76,546375.76,546385.76,546395.76,546405.76,546415.76
2026-03,2034-08,101,accelerated_ai_load,492.2,96.0,119.27,14.64,1.321,110.23,59.28,551146.23,1247.31,551176.23,551186.23,551196.23,551206.23,551216.23,551226.23,551236.23,551246.23,551256.23,551266.23,551276.23,551286.23,551296.23,551306.23,551316.23,551326.23,551336.23,551346.23,551356.23,551366.23,551376.23,551386.23,551396.23
2026-03,2034-09,102,accelerated_ai_load,509.4,96.0,119.38,8.34,1.325,110.66,61.96,564491.36,1286.54,564521.36,564531.36,564541.36,564551.36,564561.36,564571.36,564581.36,564591.36,564601.36,564611.36,564621.36,564631.36,564641.36,564651.36,564661.36,564671.36,564681.36,564691.36,564701.36,564711.36,564721.36,564731.36,564741.36
2026-03,2034-10,103,accelerated_ai_load,509.01,96.0,123.02,2.29,1.323,111.66,62.01,561747.39,1276.39,561777.39,561787.39,561797.39,561807.39,561817.39,561827.39,561837.39,561847.39,561857.39,561867.39,561877.39,561887.39,561897.39,561907.39,561917.39,561927.39,561937.39,561947.39,561957.39,561967.39,561977.39,561987.39,561997.39
2026-03,2034-11,104,accelerated_ai_load,515.16,96.0,121.9,-2.63,1.317,111.85,63.0,566590.18,1288.78,566620.18,566630.18,566640.18,566650.18,566660.18,566670.18,566680.18,566690.18,566700.18,566710.18,566720.18,566730.18,566740.18,566750.18,566760.18,566770.18,566780.18,566790.18,566800.18,566810.18,566820.18,566830.18,566840.18
2026-03,2034-12,105,accelerated_ai_load,526.92,96.0,122.28,-6.15,1.331,112.25,66.16,583047.24,1326.3,583077.24,583087.24,583097.24,583107.24,583117.24,583127.24,583137.24,583147.24,583157.24,583167.24,583177.24,583187.24,583197.24,583207.24,583217.24,583227.24,583237.24,583247.24,583257.24,583267.24,583277.24,583287.24,583297.24
2026-03,2035-01,106,accelerated_ai_load,526.94,96.0,121.44,-4.09,1.318,111.48,67.89,577210.84,1311.94,577240.84,577250.84,577260.84,577270.84,577280.84,577290.84,577300.84,577310.84,577320.84,577330.84,577340.84,577350.84,577360.84,577370.84,577380.84,577390.84,577400.84,577410.84,577420.84,577430.84,577440.84,577450.84,577460.84
2026-03,2035-02,107,accelerated_ai_load,525.87,96.0,124.02,3.17,1.317,112.03,69.7,579708.62,1324.33,579738.62,579748.62,579758.62,579768.62,579778.62,579788.62,579798.62,579808.62,579818.62,579828.62,579838.62,579848.62,579858.62,579868.62,579878.62,579888.62,579898.62,579908.62,579918.62,579928.62,579938.62,579948.62,579958.62
2026-03,2035-03,108,accelerated_ai_load,528.48,96.0,120.08,9.02,1.329,111.6,70.0,589261.1,1339.67,589291.1,589301.1,589311.1,589321.1,589331.1,589341.1,589351.1,589361.1,589371.1,589381.1,589391.1,589401.1,589411.1,589421.1,589431.1,589441.1,589451.1,589461.1,589471.1,589481.1,589491.1,589501.1,589511.1
2026-03,2035-04,109,accelerated_ai_load,540.03,96.0,119.74,15.71,1.317,112.14,69.05,590366.24,1344.81,590396.24,590406.24,590416.24,590426.24,590436.24,590446.24,590456.24,590466.24,590476.24,590486.24,590496.24,590506.24,590516.24,590526.24,590536.24,590546.24,590556.24,590566.24,590576.24,590586.24,590596.24,590606.24,590616.24
2026-03,2035-05,110,accelerated_ai_load,537.84,96.0,117.72,19.12,1.309,111.89,67.75,592035.22,1348.91,592065.22,592075.22,592085.22,592095.22,592105.22,592115.22,592125.22,592135.22,592145.22,592155.22,592165.22,592175.22,592185.22,592195.22,592205.22,592215.22,592225.22,592235.22,592245.22,592255.22,592265.22,592275.22,592285.22
2026-03,2035-06,111,accelerated_ai_load,540.88,96.0,115.4,21.45,1.349,112.13,68.72,613451.59,1387.87,613481.59,613491.59,613501.59,613511.59,613521.59,613531.59,613541.59,613551.59,613561.59,613571.59,613581.59,613591.59,613601.59,613611.59,613621.59,613631.59,613641.59,613651.59,613661.59,613671.59,613681.59,613691.59,613701.59
2026-03,2035-07,112,accelerated_ai_load,544.18,96.0,113.66,19.65,1.324,112.41,65.32,604492.13,1381.59,604522.13,604532.13,604542.13,604552.13,604562.13,604572.13,604582.13,604592.13,604602.13,604612.13,604622.13,604632.13,604642.13,604652.13,604662.13,604672.13,604682.13,604692.13,604702.13,604712.13,604722.13,604732.13,604742.13
2026-03,2035-08,113,accelerated_ai_load,552.11,96.0,114.18,15.36,1.33,112.39,66.12,610919.69,1398.73,610949.69,610959.69,610969.69,610979.69,610989.69,610999.69,611009.69,611019.69,611029.69,611039.69,611049.69,611059.69,611069.69,611079.69,611089.69,611099.69,611109.69,611119.69,611129.69,611139.69,611149.69,611159.69,611169.69
2026-03,2035-09,114,accelerated_ai_load,554.04,96.0,112.08,9.92,1.32,112.83,62.04,609581.53,1377.39,609611.53,609621.53,609631.53,609641.53,609651.53,609661.53,609671.53,609681.53,609691.53,609701.53,609711.53,609721.53,609731.53,609741.53,609751.53,609761.53,609771.53,609781.53,609791.53,609801.53,609811.53,609821.53,609831.53
2026-03,2035-10,115,accelerated_ai_load,564.93,96.0,116.22,2.87,1.316,112.56,70.0,614378.39,1407.82,614408.39,614418.39,614428.39,614438.39,614448.39,614458.39,614468.39,614478.39,614488.39,614498.39,614508.39,614518.39,614528.39,614538.39,614548.39,614558.39,614568.39,614578.39,614588.39,614598.39,614608.39,614618.39,614628.39
2026-03,2035-11,116,accelerated_ai_load,561.83,96.0,117.63,-4.16,1.306,112.69,70.0,607423.41,1391.37,607453.41,607463.41,607473.41,607483.41,607493.41,607503.41,607513.41,607523.41,607533.41,607543.41,607553.41,607563.41,607573.41,607583.41,607593.41,607603.41,607613.41,607623.41,607633.41,607643.41,607653.41,607663.41,607673.41
2026-03,2035-12,117,accelerated_ai_load,563.1,96.0,117.14,-4.63,1.307,112.77,70.0,608731.14,1388.8,608761.14,608771.14,608781.14,608791.14,608801.14,608811.14,608821.14,608831.14,608841.14,608851.14,608861.14,608871.14,608881.14,608891.14,608901.14,608911.14,608921.14,608931.14,608941.14,608951.14,608961.14,608971.14,608981.14
2026-03,2036-01,118,accelerated_ai_load,572.22,96.0,119.39,-2.98,1.315,112.69,70.0,619684.4,1414.66,619714.4,619724.4,619734.4,619744.4,619754.4,619764.4,619774.4,619784.4,619794.4,619804.4,619814.4,619824.4,619834.4,619844.4,619854.4,619864.4,619874.4,619884.4,619894.4,619904.4,619914.4,619924.4,619934.4
2026-03,2036-02,119,accelerated_ai_load,577.35,96.0,120.19,0.87,1.333,112.96,70.0,634127.85,1443.67,634157.85,634167.85,634177.85,634187.85,634197.85,634207.85,634217.85,634227.85,634237.85,634247.85,634257.85,634267.85,634277.85,634287.85,634297.85,634307.85,634317.85,634327.85,634337.85,634347.85,634357.85,634367.85,634377.85
2026-03,2036-03,120,accelerated_ai_load,586.39,96.0,123.96,8.1,1.318,113.85,70.0,637207.15,1456.05,637237.15,637247.15,637257.15,637267.15,637277.15,637287.15,637297.15,637307.15,637317.15,637327.15,637337.15,637347.15,637357.15,637367.15,637377.15,637387.15,637397.15,637407.15,637417.15,637427.15,637437.15,637447.15,637457.15
2026-03,2036-04,121,accelerated_ai_load,579.87,96.0,123.12,13.77,1.333,113.58,70.0,640273.75,1461.92,640303.75,640313.75,640323.75,640333.75,640343.75,640353.75,640363.75,640373.75,640383.75,640393.75,640403.75,640413.75,640423.75,640433.75,640443.75,640453.75,640463.75,640473.75,640483.75,640493.75,640503.75,640513.75,640523.75
2026-03,2036-05,122,accelerated_ai_load,584.47,96.0,124.73,18.9,1.3,114.05,70.0,632754.87,1440.33,632784.87,632794.87,632804.87,632814.87,632824.87,632834.87,632844.87,632854.87,632864.87,632874.87,632884.87,632894.87,632904.87,632914.87,632924.87,632934.87,632944.87,632954.87,632964.87,632974.87,632984.87,632994.87,633004.87
2026-03,2036-06,123,accelerated_ai_load,590.57,96.0,126.53,20.91,1.333,112.9,66.34,652134.88,1478.83,652164.88,652174.88,652184.88,652194.88,652204.88,652214.88,652224.88,652234.88,652244.88,652254.88,652264.88,652274.88,652284.88,652294.88,652304.88,652314.88,652324.88,652334.88,652344.88,652354.88,652364.88,652374.88,652384.88
2026-03,2036-07,124,accelerated_ai_load,596.23,96.0,127.28,20.16,1.31,113.75,70.0,647992.12,1474.74,648022.12,648032.12,648042.12,648052.12,648062.12,648072.12,648082.12,648092.12,648102.12,648112.12,648122.12,648132.12,648142.12,648152.12,648162.12,648172.12,648182.12,648192.12,648202.12,648212.12,648222.12,648232.12,648242.12
2026-03,2036-08,125,accelerated_ai_load,603.68,96.0,123.79,14.12,1.317,113.72,65.73,654967.09,1494.16,654997.09,655007.09,655017.09,655027.09,655037.09,655047.09,655057.09,655067.09,655077.09,655087.09,655097.09,655107.09,655117.09,655127.09,655137.09,655147.09,655157.09,655167.09,655177.09,655187.09,655197.09,655207.09,655217.09
2026-03,2036-09,126,accelerated_ai_load,608.18,96.0,122.82,7.54,1.325,113.92,70.0,663095.82,1513.69,663125.82,663135.82,663145.82,663155.82,663165.82,663175.82,663185.82,663195.82,663205.82,663215.82,663225.82,663235.82,663245.82,663255.82,663265.82,663275.82,663285.82,663295.82,663305.82,663315.82,663325.82,663335.82,663345.82
2026-03,2036-10,127,accelerated_ai_load,613.1,96.0,120.72,0.68,1.315,113.64,70.0,660274.3,1506.81,660304.3,660314.3,660324.3,660334.3,660344.3,660354.3,660364.3,660374.3,660384.3,660394.3,660404.3,660414.3,660424.3,660434.3,660444.3,660454.3,660464.3,660474.3,660484.3,660494.3,660504.3,660514.3,660524.3
2026-03,2036-11,128,accelerated_ai_load,614.21,96.0,118.66,-1.55,1.316,113.76,70.0,662887.52,1518.2,662917.52,662927.52,662937.52,662947.52,662957.52,662967.52,662977.52,662987.52,662997.52,663007.52,663017.52,663027.52,663037.52,663047.52,663057.52,663067.52,663077.52,663087.52,663097.52,663107.52,663117.52,663127.52,663137.52
2026-03,2036-12,129,accelerated_ai_load,618.87,96.0,118.38,-2.98,1.324,114.28,70.0,671256.08,1531.14,671286.08,671296.08,671306.08,671316.08,671326.08,671336.08,671346.08,671356.08,671366.08,671376.08,671386.08,671396.08,671406.08,671416.08,671426.08,671436.08,671446.08,671456.08,671466.08,671476.08,671486.08,671496.08,671506.08
2026-03,2037-01,130,accelerated_ai_load,624.79,96.0,117.52,-2.84,1.335,114.24,70.0,679319.46,1547.75,679349.46,679359.46,679369.46,679379.46,679389.46,679399.46,679409.46,679419.46,679429.46,679439.46,679449.46,679459.46,679469.46,679479.46,679489.46,679499.46,679509.46,679519.46,679529.46,679539.46,679549.46,679559.46,679569.46
2026-03,2037-02,131,accelerated_ai_load,624.94,96.0,118.0,1.69,1.329,114.33,70.0,680828.98,1553.63,680858.98,680868.98,680878.98,680888.98,680898.98,680908.98,680918.98,680928.98,680938.98,680948.98,680958.98,680968.98,680978.98,680988.98,680998.98,681008.98,681018.98,681028.98,681038.98,681048.98,681058.98,681068.98,681078.98
2026-03,2037-03,132,accelerated_ai_load,638.73,96.0,117.13,7.99,1.334,114.17,70.0,694864.31,1586.9,694894.31,694904.31,694914.31,694924.31,694934.31,694944.31,694954.31,694964.31,694974.31,694984.31,694994.31,695004.31,695014.31,695024.31,695034.31,695044.31,695054.31,695064.31,695074.31,695084.31,695094.31,695104.31,695114.31
2026-03,2037-04,133,accelerated_ai_load,628.74,96.0,118.13,14.08,1.322,114.83,70.0,681936.51,1562.57,681966.51,681976.51,681986.51,681996.51,682006.51,682016.51,682026.51,682036.51,682046.51,682056.51,682066.51,682076.51,682086.51,682096.51,682106.51,682116.51,682126.51,682136.51,682146.51,682156.51,682166.51,682176.51,682186.51
2026-03,2037-05,134,accelerated_ai_load,645.43,96.0,119.18,17.89,1.333,115.01,70.0,705996.01,1615.14,706026.01,706036.01,706046.01,706056.01,706066.01,706076.01,706086.01,706096.01,706106.01,706116.01,706126.01,706136.01,706146.01,706156.01,706166.01,706176.01,706186.01,706196.01,706206.01,706216.01,706226.01,706236.01,706246.01
2026-03,2037-06,135,accelerated_ai_load,645.2,96.0,121.86,21.87,1.348,114.39,70.0,715278.12,1621.89,715308.12,715318.12,715328.12,715338.12,715348.12,715358.12,715368.12,715378.12,715388.12,715398.12,715408.12,715418.12,715428.12,715438.12,715448.12,715458.12,715468.12,715478.12,715488.12,715498.12,715508.12,715518.12,715528.12
2026-03,2037-07,136,accelerated_ai_load,653.63,96.0,123.92,20.12,1.314,114.83,70.0,704956.16,1604.81,704986.16,704996.16,705006.16,705016.16,705026.16,705036.16,705046.16,705056.16,705066.16,705076.16,705086.16,705096.16,705106.16,705116.16,705126.16,705136.16,705146.16,705156.16,705166.16,705176.16,705186.16,705196.16,705206.16
2026-03,2037-08,137,accelerated_ai_load,664.66,96.0,126.06,13.85,1.337,115.17,70.0,723797.43,1641.04,723827.43,723837.43,723847.43,723857.43,723867.43,723877.43,723887.43,723897.43,723907.43,723917.43,723927.43,723937.43,723947.43,723957.43,723967.43,723977.43,723987.43,723997.43,724007.43,724017.43,724027.43,724037.43,724047.43
2026-03,2037-09,138,accelerated_ai_load,647.94,96.0,125.58,7.78,1.339,116.15,70.0,708655.26,1608.01,708685.26,708695.26,708705.26,708715.26,708725.26,708735.26,708745.26,708755.26,708765.26,708775.26,708785.26,708795.26,708805.26,708815.26,708825.26,708835.26,708845.26,708855.26,708865.26,708875.26,708885.26,708895.26,708905.26
2026-03,2037-10,139,accelerated_ai_load,664.65,96.0,128.81,0.84,1.31,116.21,70.0,711141.04,1623.43,711171.04,711181.04,711191.04,711201.04,711211.04,711221.04,711231.04,711241.04,711251.04,711261.04,711271.04,711281.04,711291.04,711301.04,711311.04,711321.04,711331.04,711341.04,711351.04,711361.04,711371.04,711381.04,711391.04
2026-03,2037-11,140,accelerated_ai_load,664.94,96.0,129.91,-2.81,1.324,114.59,70.0,713119.6,1630.5,713149.6,713159.6,713169.6,713179.6,713189.6,713199.6,713209.6,713219.6,713229.6,713239.6,713249.6,713259.6,713269.6,713279.6,713289.6,713299.6,713309.6,713319.6,713329.6,713339.6,713349.6,713359.6,713369.6
2026-03,2037-12,141,accelerated_ai_load,662.86,96.0,128.08,-4.3,1.33,115.29,70.0,715105.8,1641.65,715135.8,715145.8,715155.8,715165.8,715175.8,715185.8,715195.8,715205.8,715215.8,715225.8,715235.8,715245.8,715255.8,715265.8,715275.8,715285.8,715295.8,715305.8,715315.8,715325.8,715335.8,715345.8,715355.8
2026-03,2038-01,142,accelerated_ai_load,675.02,96.0,125.9,-2.83,1.322,115.17,70.0,722603.2,1650.18,722633.2,722643.2,722653.2,722663.2,722673.2,722683.2,722693.2,722703.2,722713.2,722723.2,722733.2,722743.2,722753.2,722763.2,722773.2,722783.2,722793.2,722803.2,722813.2,722823.2,722833.2,722843.2,722853.2
2026-03,2038-02,143,accelerated_ai_load,676.93,96.0,128.7,2.46,1.317,115.51,70.0,724345.42,1665.43,724375.42,724385.42,724395.42,724405.42,724415.42,724425.42,724435.42,724445.42,724455.42,724465.42,724475.42,724485.42,724495.42,724505.42,724515.42,724525.42,724535.42,724545.42,724555.42,724565.42,724575.42,724585.42,724595.42
2026-03,2038-03,144,accelerated_ai_load,685.83,96.0,126.73,7.93,1.315,116.1,70.0,732940.13,1677.67,732970.13,732980.13,732990.13,733000.13,733010.13,733020.13,733030.13,733040.13,733050.13,733060.13,733070.13,733080.13,733090.13,733100.13,733110.13,733120.13,733130.13,733140.13,733150.13,733160.13,733170.13,733180.13,733190.13
2026-03,2038-04,145,accelerated_ai_load,683.09,96.0,125.65,13.93,1.336,115.92,70.0,741648.91,1684.2,741678.91,741688.91,741698.91,741708.91,741718.91,741728.91,741738.91,741748.91,741758.91,741768.91,741778.91,741788.91,741798.91,741808.91,741818.91,741828.91,741838.91,741848.91,741858.91,741868.91,741878.91,741888.91,741898.91
2026-03,2038-05,146,accelerated_ai_load,683.56,96.0,122.76,18.44,1.334,116.14,70.0,743239.42,1697.12,743269.42,743279.42,743289.42,743299.42,743309.42,743319.42,743329.42,743339.42,743349.42,743359.42,743369.42,743379.42,743389.42,743399.42,743409.42,743419.42,743429.42,743439.42,743449.42,743459.42,743469.42,743479.42,743489.42
2026-03,2038-06,147,accelerated_ai_load,695.73,96.0,122.58,22.49,1.356,116.46,70.0,767814.58,1744.13,767844.58,767854.58,767864.58,767874.58,767884.58,767894.58,767904.58,767914.58,767924.58,767934.58,767944.58,767954.58,767964.58,767974.58,767984.58,767994.58,768004.58,768014.58,768024.58,768034.58,768044.58,768054.58,768064.58
2026-03,2038-07,148,accelerated_ai_load,702.72,96.0,121.17,18.53,1.327,115.98,70.0,759953.9,1733.58,759983.9,759993.9,760003.9,760013.9,760023.9,760033.9,760043.9,760053.9,760063.9,760073.9,760083.9,760093.9,760103.9,760113.9,760123.9,760133.9,760143.9,760153.9,760163.9,760173.9,760183.9,760193.9,760203.9
2026-03,2038-08,149,accelerated_ai_load,696.24,96.0,120.36,15.46,1.318,116.28,70.0,745469.72,1703.15,745499.72,745509.72,745519.72,745529.72,745539.72,745549.72,745559.72,745569.72,745579.72,745589.72,745599.72,745609.72,745619.72,745629.72,745639.72,745649.72,745659.72,745669.72,745679.72,745689.72,745699.72,745709.72,745719.72
2026-03,2038-09,150,accelerated_ai_load,704.33,96.0,119.74,9.04,1.318,116.76,70.0,752965.65,1730.74,752995.65,753005.65,753015.65,753025.65,753035.65,753045.65,753055.65,753065.65,753075.65,753085.65,753095.65,753105.65,753115.65,753125.65,753135.65,753145.65,753155.65,753165.65,753175.65,753185.65,753195.65,753205.65,753215.65
2026-03,2038-10,151,accelerated_ai_load,708.88,96.0,121.0,2.15,1.311,116.56,70.0,751486.74,1720.82,751516.74,751526.74,751536.74,751546.74,751556.74,751566.74,751576.74,751586.74,751596.74,751606.74,751616.74,751626.74,751636.74,751646.74,751656.74,751666.74,751676.74,751686.74,751696.74,751706.74,751716.74,751726.74,751736.74
2026-03,2038-11,152,accelerated_ai_load,717.26,96.0,123.46,-1.48,1.32,117.33,70.0,767335.9,1755.42,767365.9,767375.9,767385.9,767395.9,767405.9,767415.9,767425.9,767435.9,767445.9,767455.9,767465.9,767475.9,767485.9,767495.9,767505.9,767515.9,767525.9,767535.9,767545.9,767555.9,767565.9,767575.9,767585.9
2026-03,2038-12,153,accelerated_ai_load,722.97,96.0,124.61,-5.19,1.317,117.53,70.0,767292.55,1761.29,767322.55,767332.55,767342.55,767352.55,767362.55,767372.55,767382.55,767392.55,767402.55,767412.55,767422.55,767432.55,767442.55,767452.55,767462.55,767472.55,767482.55,767492.55,767502.55,767512.55,767522.55,767532.55,767542.55
2026-03,2039-01,154,accelerated_ai_load,724.39,96.0,124.83,-4.29,1.326,117.12,70.0,771282.86,1770.96,771312.86,771322.86,771332.86,771342.86,771352.86,771362.86,771372.86,771382.86,771392.86,771402.86,771412.86,771422.86,771432.86,771442.86,771452.86,771462.86,771472.86,771482.86,771492.86,771502.86,771512.86,771522.86,771532.86
2026-03,2039-02,155,accelerated_ai_load,731.53,96.0,129.44,2.85,1.315,117.68,70.0,776341.27,1784.91,776371.27,776381.27,776391.27,776401.27,776411.27,776421.27,776431.27,776441.27,776451.27,776461.27,776471.27,776481.27,776491.27,776501.27,776511.27,776521.27,776531.27,776541.27,776551.27,776561.27,776571.27,776581.27,776591.27
2026-03,2039-03,156,accelerated_ai_load,735.82,96.0,129.21,7.17,1.314,117.47,70.0,779768.08,1789.61,779798.08,779808.08,779818.08,779828.08,779838.08,779848.08,779858.08,779868.08,779878.08,779888.08,779898.08,779908.08,779918.08,779928.08,779938.08,779948.08,779958.08,779968.08,779978.08,779988.08,779998.08,780008.08,780018.08
2026-03,2039-04,157,accelerated_ai_load,743.15,96.0,130.31,13.27,1.316,117.45,70.0,791178.56,1812.46,791208.56,791218.56,791228.56,791238.56,791248.56,791258.56,791268.56,791278.56,791288.56,791298.56,791308.56,791318.56,791328.56,791338.56,791348.56,791358.56,791368.56,791378.56,791388.56,791398.56,791408.56,791418.56,791428.56
2026-03,2039-05,158,accelerated_ai_load,743.06,96.0,132.44,18.37,1.296,118.16,70.0,781536.59,1780.79,781566.59,781576.59,781586.59,781596.59,781606.59,781616.59,781626.59,781636.59,781646.59,781656.59,781666.59,781676.59,781686.59,781696.59,781706.59,781716.59,781726.59,781736.59,781746.59,781756.59,781766.59,781776.59,781786.59
2026-03,2039-06,159,accelerated_ai_load,743.11,96.0,131.69,20.65,1.318,117.52,70.0,795859.03,1819.06,795889.03,795899.03,795909.03,795919.03,795929.03,795939.03,795949.03,795959.03,795969.03,795979.03,795989.03,795999.03,796009.03,796019.03,796029.03,796039.03,796049.03,796059.03,796069.03,796079.03,796089.03,796099.03,796109.03
2026-03,2039-07,160,accelerated_ai_load,752.63,96.0,131.03,19.78,1.334,117.59,70.0,814468.83,1855.95,814498.83,814508.83,814518.83,814528.83,814538.83,814548.83,814558.83,814568.83,814578.83,814588.83,814598.83,814608.83,814618.83,814628.83,814638.83,814648.83,814658.83,814668.83,814678.83,814688.83,814698.83,814708.83,814718.83
2026-03,2039-08,161,accelerated_ai_load,751.57,96.0,128.94,13.94,1.311,117.76,70.0,795959.63,1824.69,795989.63,795999.63,796009.63,796019.63,796029.63,796039.63,796049.63,796059.63,796069.63,796079.63,796089.63,796099.63,796109.63,796119.63,796129.63,796139.63,796149.63,796159.63,796169.63,796179.63,796189.63,796199.63,796209.63
2026-03,2039-09,162,accelerated_ai_load,753.8,96.0,129.35,7.71,1.324,118.1,70.0,802269.37,1826.12,802299.37,802309.37,802319.37,802329.37,802339.37,802349.37,802359.37,802369.37,802379.37,802389.37,802399.37,802409.37,802419.37,802429.37,802439.37,802449.37,802459.37,802469.37,802479.37,802489.37,802499.37,802509.37,802519.37
2026-03,2039-10,163,accelerated_ai_load,758.93,96.0,127.5,0.1,1.324,118.38,70.0,806753.0,1839.42,806783.0,806793.0,806803.0,806813.0,806823.0,806833.0,806843.0,806853.0,806863.0,806873.0,806883.0,806893.0,806903.0,806913.0,806923.0,806933.0,806943.0,806953.0,806963.0,806973.0,806983.0,806993.0,807003.0
2026-03,2039-11,164,accelerated_ai_load,770.15,96.0,127.0,-5.27,1.299,117.89,70.0,804865.96,1842.42,804895.96,804905.96,804915.96,804925.96,804935.96,804945.96,804955.96,804965.96,804975.96,804985.96,804995.96,805005.96,805015.96,805025.96,805035.96,805045.96,805055.96,805065.96,805075.96,805085.96,805095.96,805105.96,805115.96
2026-03,2039-12,165,accelerated_ai_load,767.25,96.0,125.45,-4.45,1.316,118.82,70.0,808637.65,1845.94,808667.65,808677.65,808687.65,808697.65,808707.65,808717.65,808727.65,808737.65,808747.65,808757.65,808767.65,808777.65,808787.65,808797.65,808807.65,808817.65,808827.65,808837.65,808847.65,808857.65,808867.65,808877.65,808887.65
2026-03,2040-01,166,accelerated_ai_load,769.82,96.0,124.99,-2.93,1.315,118.05,70.0,812134.97,1865.05,812164.97,812174.97,812184.97,812194.97,812204.97,812214.97,812224.97,812234.97,812244.97,812254.97,812264.97,812274.97,812284.97,812294.97,812304.97,812314.97,812324.97,812334.97,812344.97,812354.97,812364.97,812374.97,812384.97
2026-03,2040-02,167,accelerated_ai_load,779.92,96.0,123.04,1.24,1.332,118.88,70.0,835322.98,1906.08,835352.98,835362.98,835372.98,835382.98,835392.98,835402.98,835412.98,835422.98,835432.98,835442.98,835452.98,835462.98,835472.98,835482.98,835492.98,835502.98,835512.98,835522.98,835532.98,835542.98,835552.98,835562.98,835572.98
2026-03,2040-03,168,accelerated_ai_load,789.19,96.0,123.28,7.55,1.325,118.35,70.0,838760.91,1924.73,838790.91,838800.91,838810.91,838820.91,838830.91,838840.91,838850.91,838860.91,838870.91,838880.91,838890.91,838900.91,838910.91,838920.91,838930.91,838940.91,838950.91,838960.91,838970.91,838980.91,838990.91,839000.91,839010.91
2026-03,2040-04,169,accelerated_ai_load,784.23,96.0,125.66,14.32,1.317,119.22,70.0,832443.69,1908.82,832473.69,832483.69,832493.69,832503.69,832513.69,832523.69,832533.69,832543.69,832553.69,832563.69,832573.69,832583.69,832593.69,832603.69,832613.69,832623.69,832633.69,832643.69,832653.69,832663.69,832673.69,832683.69,832693.69
2026-03,2040-05,170,accelerated_ai_load,799.3,96.0,126.44,18.59,1.323,119.79,70.0,851051.29,1954.21,851081.29,851091.29,851101.29,851111.29,851121.29,851131.29,851141.29,851151.29,851161.29,851171.29,851181.29,851191.29,851201.29,851211.29,851221.29,851231.29,851241.29,851251.29,851261.29,851271.29,851281.29,851291.29,851301.29
2026-03,2040-06,171,accelerated_ai_load,795.66,96.0,127.97,20.95,1.324,119.06,70.0,850738.58,1944.8,850768.58,850778.58,850788.58,850798.58,850808.58,850818.58,850828.58,850838.58,850848.58,850858.58,850868.58,850878.58,850888.58,850898.58,850908.58,850918.58,850928.58,850938.58,850948.58,850958.58,850968.58,850978.58,850988.58
2026-03,2040-07,172,accelerated_ai_load,804.18,96.0,130.31,19.81,1.326,118.97,70.0,857129.57,1953.86,857159.57,857169.57,857179.57,857189.57,857199.57,857209.57,857219.57,857229.57,857239.57,857249.57,857259.57,857269.57,857279.57,857289.57,857299.57,857309.57,857319.57,857329.57,857339.57,857349.57,857359.57,857369.57,857379.57
2026-03,2040-08,173,accelerated_ai_load,799.26,96.0,128.96,14.27,1.329,119.82,70.0,851227.06,1946.19,851257.06,851267.06,851277.06,851287.06,851297.06,851307.06,851317.06,851327.06,851337.06,851347.06,851357.06,851367.06,851377.06,851387.06,851397.06,851407.06,851417.06,851427.06,851437.06,851447.06,851457.06,851467.06,851477.06
2026-03,2040-09,174,accelerated_ai_load,795.68,96.0,131.55,9.51,1.337,119.45,70.0,850947.28,1953.32,850977.28,850987.28,850997.28,851007.28,851017.28,851027.28,851037.28,851047.28,851057.28,851067.28,851077.28,851087.28,851097.28,851107.28,851117.28,851127.28,851137.28,851147.28,851157.28,851167.28,851177.28,851187.28,851197.28
2026-03,2040-10,175,accelerated_ai_load,816.31,96.0,134.41,2.49,1.312,119.97,70.0,856624.57,1953.52,856654.57,856664.57,856674.57,856684.57,856694.57,856704.57,856714.57,856724.57,856734.57,856744.57,856754.57,856764.57,856774.57,856784.57,856794.57,856804.57,856814.57,856824.57,856834.57,856844.57,856854.57,856864.57,856874.57
2026-03,2040-11,176,accelerated_ai_load,816.28,96.0,134.7,-4.12,1.332,119.23,70.0,868330.8,1983.51,868360.8,868370.8,868380.8,868390.8,868400.8,868410.8,868420.8,868430.8,868440.8,868450.8,868460.8,868470.8,868480.8,868490.8,868500.8,868510.8,868520.8,868530.8,868540.8,868550.8,868560.8,868570.8,868580.8
2026-03,2040-12,177,accelerated_ai_load,825.78,96.0,134.21,-5.3,1.315,120.05,70.0,863773.3,1984.88,863803.3,863813.3,863823.3,863833.3,863843.3,863853.3,863863.3,863873.3,863883.3,863893.3,863903.3,863913.3,863923.3,863933.3,863943.3,863953.3,863963.3,863973.3,863983.3,863993.3,864003.3,864013.3,864023.3
2026-03,2041-01,178,accelerated_ai_load,823.01,96.0,133.32,-2.98,1.31,120.26,70.0,861981.51,1977.54,862011.51,862021.51,862031.51,862041.51,862051.51,862061.51,862071.51,862081.51,862091.51,862101.51,862111.51,862121.51,862131.51,862141.51,862151.51,862161.51,862171.51,862181.51,862191.51,862201.51,862211.51,862221.51,862231.51
2026-03,2041-02,179,accelerated_ai_load,829.23,96.0,133.1,-1.03,1.325,119.69,70.0,877726.32,2014.3,877756.32,877766.32,877776.32,877786.32,877796.32,877806.32,877816.32,877826.32,877836.32,877846.32,877856.32,877866.32,877876.32,877886.32,877896.32,877906.32,877916.32,877926.32,877936.32,877946.32,877956.32,877966.32,877976.32
2026-03,2041-03,180,accelerated_ai_load,831.98,96.0,131.86,8.97,1.311,120.49,70.0,872488.97,2009.53,872518.97,872528.97,872538.97,872548.97,872558.97,872568.97,872578.97,872588.97,872598.97,872608.97,872618.97,872628.97,872638.97,872648.97,872658.97,872668.97,872678.97,872688.97,872698.97,872708.97,872718.97,872728.97,872738.97
2026-03,2041-04,181,accelerated_ai_load,836.86,96.0,130.41,11.59,1.318,120.44,70.0,884653.99,2022.68,884683.99,884693.99,884703.99,884713.99,884723.99,884733.99,884743.99,884753.99,884763.99,884773.99,884783.99,884793.99,884803.99,884813.99,884823.99,884833.99,884843.99,884853.99,884863.99,884873.99,884883.99,884893.99,884903.99
2026-03,2041-05,182,accelerated_ai_load,844.6,96.0,129.23,17.53,1.315,121.23,70.0,889189.75,2040.71,889219.75,889229.75,889239.75,889249.75,889259.75,889269.75,889279.75,889289.75,889299.75,889309.75,889319.75,889329.75,889339.75,889349.75,889359.75,889369.75,889379.75,889389.75,889399.75,889409.75,889419.75,889429.75,889439.75
2026-03,2041-06,183,accelerated_ai_load,847.36,96.0,126.15,21.15,1.347,120.61,70.0,910510.58,2078.67,910540.58,910550.58,910560.58,910570.58,910580.58,910590.58,910600.58,910610.58,910620.58,910630.58,910640.58,910650.58,910660.58,910670.58,910680.58,910690.58,910700.58,910710.58,910720.58,910730.58,910740.58,910750.58,910760.58
2026-03,2041-07,184,accelerated_ai_load,843.5,96.0,126.02,19.08,1.337,120.32,70.0,902754.36,2058.62,902784.36,902794.36,902804.36,902814.36,902824.36,902834.36,902844.36,902854.36,902864.36,902874.36,902884.36,902894.36,902904.36,902914.36,902924.36,902934.36,902944.36,902954.36,902964.36,902974.36,902984.36,902994.36,903004.36
2026-03,2041-08,185,accelerated_ai_load,848.17,96.0,124.39,14.85,1.31,121.34,70.0,889220.21,2035.24,889250.21,889260.21,889270.21,889280.21,889290.21,889300.21,889310.21,889320.21,889330.21,889340.21,889350.21,889360.21,889370.21,889380.21,889390.21,889400.21,889410.21,889420.21,889430.21,889440.21,889450.21,889460.21,889470.21
2026-03,2041-09,186,accelerated_ai_load,859.07,96.0,126.15,7.65,1.327,120.72,70.0,907216.27,2064.44,907246.27,907256.27,907266.27,907276.27,907286.27,907296.27,907306.27,907316.27,907326.27,907336.27,907346.27,907356.27,907366.27,907376.27,907386.27,907396.27,907406.27,907416.27,907426.27,907436.27,907446.27,907456.27,907466.27
2026-03,2041-10,187,accelerated_ai_load,861.97,96.0,128.94,1.74,1.331,121.72,70.0,912079.43,2094.78,912109.43,912119.43,912129.43,912139.43,912149.43,912159.43,912169.43,912179.43,912189.43,912199.43,912209.43,912219.43,912229.43,912239.43,912249.43,912259.43,912269.43,912279.43,912289.43,912299.43,912309.43,912319.43,912329.43
2026-03,2041-11,188,accelerated_ai_load,864.63,96.0,128.34,-3.78,1.318,120.72,70.0,904987.67,2077.76,905017.67,905027.67,905037.67,905047.67,905057.67,905067.67,905077.67,905087.67,905097.67,905107.67,905117.67,905127.67,905137.67,905147.67,905157.67,905167.67,905177.67,905187.67,905197.67,905207.67,905217.67,905227.67,905237.67
2026-03,2041-12,189,accelerated_ai_load,878.05,96.0,128.38,-7.08,1.322,121.42,70.0,920045.33,2098.75,920075.33,920085.33,920095.33,920105.33,920115.33,920125.33,920135.33,920145.33,920155.33,920165.33,920175.33,920185.33,920195.33,920205.33,920215.33,920225.33,920235.33,920245.33,920255.33,920265.33,920275.33,920285.33,920295.33
2026-03,2042-01,190,accelerated_ai_load,880.63,96.0,130.24,-4.09,1.309,122.26,70.0,916746.82,2097.56,916776.82,916786.82,916796.82,916806.82,916816.82,916826.82,916836.82,916846.82,916856.82,916866.82,916876.82,916886.82,916896.82,916906.82,916916.82,916926.82,916936.82,916946.82,916956.82,916966.82,916976.82,916986.82,916996.82
2026-03,2042-02,191,accelerated_ai_load,889.46,96.0,133.76,0.62,1.312,122.81,70.0,924530.86,2118.23,924560.86,924570.86,924580.86,924590.86,924600.86,924610.86,924620.86,924630.86,924640.86,924650.86,924660.86,924670.86,924680.86,924690.86,924700.86,924710.86,924720.86,924730.86,924740.86,924750.86,924760.86,924770.86,924780.86
2026-03,2042-03,192,accelerated_ai_load,888.38,96.0,134.42,10.59,1.317,121.74,70.0,930511.72,2137.64,930541.72,930551.72,930561.72,930571.72,930581.72,930591.72,930601.72,930611.72,930621.72,930631.72,930641.72,930651.72,930661.72,930671.72,930681.72,930691.72,930701.72,930711.72,930721.72,930731.72,930741.72,930751.72,930761.72
2026-03,2042-04,193,accelerated_ai_load,893.15,96.0,136.12,15.86,1.318,122.24,70.0,938577.48,2148.58,938607.48,938617.48,938627.48,938637.48,938647.48,938657.48,938667.48,938677.48,938687.48,938697.48,938707.48,938717.48,938727.48,938737.48,938747.48,938757.48,938767.48,938777.48,938787.48,938797.48,938807.48,938817.48,938827.48
2026-03,2042-05,194,accelerated_ai_load,890.41,96.0,136.53,18.88,1.327,121.12,70.0,943729.37,2168.3,943759.37,943769.37,943779.37,943789.37,943799.37,943809.37,943819.37,943829.37,943839.37,943849.37,943859.37,943869.37,943879.37,943889.37,943899.37,943909.37,943919.37,943929.37,943939.37,943949.37,943959.37,943969.37,943979.37
2026-03,2042-06,195,accelerated_ai_load,891.54,96.0,136.09,22.41,1.358,122.29,70.0,964267.88,2193.37,964297.88,964307.88,964317.88,964327.88,964337.88,964347.88,964357.88,964367.88,964377.88,964387.88,964397.88,964407.88,964417.88,964427.88,964437.88,964447.88,964457.88,964467.88,964477.88,964487.88,964497.88,964507.88,964517.88
2026-03,2042-07,196,accelerated_ai_load,908.8,96.0,137.31,20.51,1.329,122.88,70.0,963515.38,2201.38,963545.38,963555.38,963565.38,963575.38,963585.38,963595.38,963605.38,963615.38,963625.38,963635.38,963645.38,963655.38,963665.38,963675.38,963685.38,963695.38,963705.38,963715.38,963725.38,963735.38,963745.38,963755.38,963765.38
2026-03,2042-08,197,accelerated_ai_load,906.75,96.0,136.4,13.78,1.312,122.4,70.0,947927.92,2167.96,947957.92,947967.92,947977.92,947987.92,947997.92,948007.92,948017.92,948027.92,948037.92,948047.92,948057.92,948067.92,948077.92,948087.92,948097.92,948107.92,948117.92,948127.92,948137.92,948147.92,948157.92,948167.92,948177.92
2026-03,2042-09,198,accelerated_ai_load,905.63,96.0,132.31,6.86,1.319,122.67,70.0,946341.53,2174.77,946371.53,946381.53,946391.53,946401.53,946411.53,946421.53,946431.53,946441.53,946451.53,946461.53,946471.53,946481.53,946491.53,946501.53,946511.53,946521.53,946531.53,946541.53,946551.53,946561.53,946571.53,946581.53,946591.53
2026-03,2042-10,199,accelerated_ai_load,909.52,96.0,131.18,2.52,1.304,122.6,70.0,937857.9,2159.0,937887.9,937897.9,937907.9,937917.9,937927.9,937937.9,937947.9,937957.9,937967.9,937977.9,937987.9,937997.9,938007.9,938017.9,938027.9,938037.9,938047.9,938057.9,938067.9,938077.9,938087.9,938097.9,938107.9
2026-03,2042-11,200,accelerated_ai_load,914.56,96.0,131.5,-2.56,1.315,122.35,70.0,950906.22,2185.62,950936.22,950946.22,950956.22,950966.22,950976.22,950986.22,950996.22,951006.22,951016.22,951026.22,951036.22,951046.22,951056.22,951066.22,951076.22,951086.22,951096.22,951106.22,951116.22,951126.22,951136.22,951146.22,951156.22
2026-03,2042-12,201,accelerated_ai_load,928.01,96.0,129.99,-4.62,1.325,124.08,70.0,970178.77,2217.91,970208.77,970218.77,970228.77,970238.77,970248.77,970258.77,970268.77,970278.77,970288.77,970298.77,970308.77,970318.77,970328.77,970338.77,970348.77,970358.77,970368.77,970378.77,970388.77,970398.77,970408.77,970418.77,970428.77
2026-03,2043-01,202,accelerated_ai_load,926.14,96.0,129.31,-3.89,1.319,122.78,70.0,964685.67,2215.07,964715.67,964725.67,964735.67,964745.67,964755.67,964765.67,964775.67,964785.67,964795.67,964805.67,964815.67,964825.67,964835.67,964845.67,964855.67,964865.67,964875.67,964885.67,964895.67,964905.67,964915.67,964925.67,964935.67
2026-03,2043-02,203,accelerated_ai_load,931.2,96.0,131.55,2.45,1.337,122.59,70.0,985405.57,2246.65,985435.57,985445.57,985455.57,985465.57,985475.57,985485.57,985495.57,985505.57,985515.57,985525.57,985535.57,985545.57,985555.57,985565.57,985575.57,985585.57,985595.57,985605.57,985615.57,985625.57,985635.57,985645.57,985655.57
2026-03,2043-03,204,accelerated_ai_load,930.12,96.0,128.44,8.72,1.329,123.98,70.0,976749.91,2242.49,976779.91,976789.91,976799.91,976809.91,976819.91,976829.91,976839.91,976849.91,976859.91,976869.91,976879.91,976889.91,976899.91,976909.91,976919.91,976929.91,976939.91,976949.91,976959.91,976969.91,976979.91,976989.91,976999.91
2026-03,2043-04,205,accelerated_ai_load,942.96,96.0,130.9,12.97,1.327,123.49,70.0,991704.82,2280.47,991734.82,991744.82,991754.82,991764.82,991774.82,991784.82,991794.82,991804.82,991814.82,991824.82,991834.82,991844.82,991854.82,991864.82,991874.82,991884.82,991894.82,991904.82,991914.82,991924.82,991934.82,991944.82,991954.82
2026-03,2043-05,206,accelerated_ai_load,941.35,96.0,132.39,20.2,1.333,123.73,70.0,997427.55,2281.34,997457.55,997467.55,997477.55,997487.55,997497.55,997507.55,997517.55,997527.55,997537.55,997547.55,997557.55,997567.55,997577.55,997587.55,997597.55,997607.55,997617.55,997627.55,997637.55,997647.55,997657.55,997667.55,997677.55
2026-03,2043-06,207,accelerated_ai_load,949.94,96.0,133.64,21.39,1.337,123.85,70.0,1005394.53,2300.83,1005424.53,1005434.53,1005444.53,1005454.53,1005464.53,1005474.53,1005484.53,1005494.53,1005504.53,1005514.53,1005524.53,1005534.53,1005544.53,1005554.53,1005564.53,1005574.53,1005584.53,1005594.53,1005604.53,1005614.53,1005624.53,1005634.53,1005644.53
2026-03,2043-07,208,accelerated_ai_load,950.19,96.0,135.87,18.58,1.321,123.7,70.0,994024.3,2282.27,994054.3,994064.3,994074.3,994084.3,994094.3,994104.3,994114.3,994124.3,994134.3,994144.3,994154.3,994164.3,994174.3,994184.3,994194.3,994204.3,994214.3,994224.3,994234.3,994244.3,994254.3,994264.3,994274.3
2026-03,2043-08,209,accelerated_ai_load,954.35,96.0,138.35,12.74,1.321,123.64,70.0,996809.83,2286.27,996839.83,996849.83,996859.83,996869.83,996879.83,996889.83,996899.83,996909.83,996919.83,996929.83,996939.83,996949.83,996959.83,996969.83,996979.83,996989.83,996999.83,997009.83,997019.83,997029.83,997039.83,997049.83,997059.83
2026-03,2043-09,210,accelerated_ai_load,962.64,96.0,139.38,7.97,1.33,124.43,70.0,1011902.54,2323.49,1011932.54,1011942.54,1011952.54,1011962.54,1011972.54,1011982.54,1011992.54,1012002.54,1012012.54,1012022.54,1012032.54,1012042.54,1012052.54,1012062.54,1012072.54,1012082.54,1012092.54,1012102.54,1012112.54,1012122.54,1012132.54,1012142.54,1012152.54
2026-03,2043-10,211,accelerated_ai_load,969.11,96.0,137.35,0.34,1.325,123.94,70.0,1013844.22,2330.34,1013874.22,1013884.22,1013894.22,1013904.22,1013914.22,1013924.22,1013934.22,1013944.22,1013954.22,1013964.22,1013974.22,1013984.22,1013994.22,1014004.22,1014014.22,1014024.22,1014034.22,1014044.22,1014054.22,1014064.22,1014074.22,1014084.22,1014094.22
2026-03,2043-11,212,accelerated_ai_load,976.82,96.0,139.79,-2.76,1.33,124.42,70.0,1023485.62,2355.25,1023515.62,1023525.62,1023535.62,1023545.62,1023555.62,1023565.62,1023575.62,1023585.62,1023595.62,1023605.62,1023615.62,1023625.62,1023635.62,1023645.62,1023655.62,1023665.62,1023675.62,1023685.62,1023695.62,1023705.62,1023715.62,1023725.62,1023735.62
2026-03,2043-12,213,accelerated_ai_load,974.02,96.0,140.99,-4.4,1.311,124.11,70.0,1006005.75,2305.94,1006035.75,1006045.75,1006055.75,1006065.75,1006075.75,1006085.75,1006095.75,1006105.75,1006115.75,1006125.75,1006135.75,1006145.75,1006155.75,1006165.75,1006175.75,1006185.75,1006195.75,1006205.75,1006215.75,1006225.75,1006235.75,1006245.75,1006255.75
2026-03,2044-01,214,accelerated_ai_load,968.17,96.0,142.84,-3.13,1.31,124.7,70.0,1002187.47,2305.3,1002217.47,1002227.47,1002237.47,1002247.47,1002257.47,1002267.47,1002277.47,1002287.47,1002297.47,1002307.47,1002317.47,1002327.47,1002337.47,1002347.47,1002357.47,1002367.47,1002377.47,1002387.47,1002397.47,1002407.47,1002417.47,1002427.47,1002437.47
2026-03,2044-02,215,accelerated_ai_load,990.0,96.0,138.0,2.7,1.314,124.71,70.0,1021498.32,2336.93,1021528.32,1021538.32,1021548.32,1021558.32,1021568.32,1021578.32,1021588.32,1021598.32,1021608.32,1021618.32,1021628.32,1021638.32,1021648.32,1021658.32,1021668.32,1021678.32,1021688.32,1021698.32,1021708.32,1021718.32,1021728.32,1021738.32,1021748.32
2026-03,2044-03,216,accelerated_ai_load,984.5,96.0,138.97,8.64,1.335,124.77,70.0,1034018.09,2379.12,1034048.09,1034058.09,1034068.09,1034078.09,1034088.09,1034098.09,1034108.09,1034118.09,1034128.09,1034138.09,1034148.09,1034158.09,1034168.09,1034178.09,1034188.09,1034198.09,1034208.09,1034218.09,1034228.09,1034238.09,1034248.09,1034258.09,1034268.09
2026-03,2044-04,217,accelerated_ai_load,995.02,96.0,135.32,15.63,1.302,124.86,70.0,1024212.39,2337.77,1024242.39,1024252.39,1024262.39,1024272.39,1024282.39,1024292.39,1024302.39,1024312.39,1024322.39,1024332.39,1024342.39,1024352.39,1024362.39,1024372.39,1024382.39,1024392.39,1024402.39,1024412.39,1024422.39,1024432.39,1024442.39,1024452.39,1024462.39
2026-03,2044-05,218,accelerated_ai_load,1003.59,96.0,133.64,18.79,1.313,125.21,70.0,1041450.68,2392.69,1041480.68,1041490.68,1041500.68,1041510.68,1041520.68,1041530.68,1041540.68,1041550.68,1041560.68,1041570.68,1041580.68,1041590.68,1041600.68,1041610.68,1041620.68,1041630.68,1041640.68,1041650.68,1041660.68,1041670.68,1041680.68,1041690.68,1041700.68
2026-03,2044-06,219,accelerated_ai_load,989.59,96.0,133.2,22.39,1.356,125.09,70.0,1060195.69,2430.22,1060225.69,1060235.69,1060245.69,1060255.69,1060265.69,1060275.69,1060285.69,1060295.69,1060305.69,1060315.69,1060325.69,1060335.69,1060345.69,1060355.69,1060365.69,1060375.69,1060385.69,1060395.69,1060405.69,1060415.69,1060425.69,1060435.69,1060445.69
2026-03,2044-07,220,accelerated_ai_load,1005.7,96.0,132.34,18.12,1.326,124.76,70.0,1050518.81,2401.43,1050548.81,1050558.81,1050568.81,1050578.81,1050588.81,1050598.81,1050608.81,1050618.81,1050628.81,1050638.81,1050648.81,1050658.81,1050668.81,1050678.81,1050688.81,1050698.81,1050708.81,1050718.81,1050728.81,1050738.81,1050748.81,1050758.81,1050768.81
2026-03,2044-08,221,accelerated_ai_load,1004.26,96.0,131.42,12.51,1.321,125.82,70.0,1047589.85,2393.1,1047619.85,1047629.85,1047639.85,1047649.85,1047659.85,1047669.85,1047679.85,1047689.85,1047699.85,1047709.85,1047719.85,1047729.85,1047739.85,1047749.85,1047759.85,1047769.85,1047779.85,1047789.85,1047799.85,1047809.85,1047819.85,1047829.85,1047839.85
2026-03,2044-09,222,accelerated_ai_load,1014.14,96.0,130.18,7.67,1.319,125.0,70.0,1051993.74,2414.93,1052023.74,1052033.74,1052043.74,1052053.74,1052063.74,1052073.74,1052083.74,1052093.74,1052103.74,1052113.74,1052123.74,1052133.74,1052143.74,1052153.74,1052163.74,1052173.74,1052183.74,1052193.74,1052203.74,1052213.74,1052223.74,1052233.74,1052243.74
2026-03,2044-10,223,accelerated_ai_load,1015.11,96.0,131.06,2.3,1.304,125.46,70.0,1037556.9,2382.42,1037586.9,1037596.9,1037606.9,1037616.9,1037626.9,1037636.9,1037646.9,1037656.9,1037666.9,1037676.9,1037686.9,1037696.9,1037706.9,1037716.9,1037726.9,1037736.9,1037746.9,1037756.9,1037766.9,1037776.9,1037786.9,1037796.9,1037806.9
2026-03,2044-11,224,accelerated_ai_load,1017.15,96.0,133.54,-3.03,1.317,125.95,70.0,1057703.63,2424.71,1057733.63,1057743.63,1057753.63,1057763.63,1057773.63,1057783.63,1057793.63,1057803.63,1057813.63,1057823.63,1057833.63,1057843.63,1057853.63,1057863.63,1057873.63,1057883.63,1057893.63,1057903.63,1057913.63,1057923.63,1057933.63,1057943.63,1057953.63
2026-03,2044-12,225,accelerated_ai_load,1020.55,96.0,134.65,-4.28,1.318,125.31,70.0,1056057.07,2419.95,1056087.07,1056097.07,1056107.07,1056117.07,1056127.07,1056137.07,1056147.07,1056157.07,1056167.07,1056177.07,1056187.07,1056197.07,1056207.07,1056217.07,1056227.07,1056237.07,1056247.07,1056257.07,1056267.07,1056277.07,1056287.07,1056297.07,1056307.07
2026-03,2045-01,226,accelerated_ai_load,1028.54,96.0,136.0,-4.31,1.312,125.47,70.0,1060282.37,2435.57,1060312.37,1060322.37,1060332.37,1060342.37,1060352.37,1060362.37,1060372.37,1060382.37,1060392.37,1060402.37,1060412.37,1060422.37,1060432.37,1060442.37,1060452.37,1060462.37,1060472.37,1060482.37,1060492.37,1060502.37,1060512.37,1060522.37,1060532.37
2026-03,2045-02,227,accelerated_ai_load,1029.66,96.0,139.32,3.12,1.31,126.07,70.0,1060185.0,2434.05,1060215.0,1060225.0,1060235.0,1060245.0,1060255.0,1060265.0,1060275.0,1060285.0,1060295.0,1060305.0,1060315.0,1060325.0,1060335.0,1060345.0,1060355.0,1060365.0,1060375.0,1060385.0,1060395.0,1060405.0,1060415.0,1060425.0,1060435.0
2026-03,2045-03,228,accelerated_ai_load,1023.55,96.0,141.7,8.85,1.325,126.68,70.0,1066376.53,2450.09,1066406.53,1066416.53,1066426.53,1066436.53,1066446.53,1066456.53,1066466.53,1066476.53,1066486.53,1066496.53,1066506.53,1066516.53,1066526.53,1066536.53,1066546.53,1066556.53,1066566.53,1066576.53,1066586.53,1066596.53,1066606.53,1066616.53,1066626.53
2026-03,2045-04,229,accelerated_ai_load,1050.07,96.0,141.47,14.62,1.335,126.25,70.0,1098367.13,2514.19,1098397.13,1098407.13,1098417.13,1098427.13,1098437.13,1098447.13,1098457.13,1098467.13,1098477.13,1098487.13,1098497.13,1098507.13,1098517.13,1098527.13,1098537.13,1098547.13,1098557.13,1098567.13,1098577.13,1098587.13,1098597.13,1098607.13,1098617.13
2026-03,2045-05,230,accelerated_ai_load,1042.29,96.0,144.52,20.39,1.309,126.02,70.0,1075742.72,2475.78,1075772.72,1075782.72,1075792.72,1075802.72,1075812.72,1075822.72,1075832.72,1075842.72,1075852.72,1075862.72,1075872.72,1075882.72,1075892.72,1075902.72,1075912.72,1075922.72,1075932.72,1075942.72,1075952.72,1075962.72,1075972.72,1075982.72,1075992.72
2026-03,2045-06,231,accelerated_ai_load,1047.49,96.0,144.89,20.21,1.312,127.23,70.0,1085352.11,2489.09,1085382.11,1085392.11,1085402.11,1085412.11,1085422.11,1085432.11,1085442.11,1085452.11,1085462.11,1085472.11,1085482.11,1085492.11,1085502.11,1085512.11,1085522.11,1085532.11,1085542.11,1085552.11,1085562.11,1085572.11,1085582.11,1085592.11,1085602.11
2026-03,2045-07,232,accelerated_ai_load,1053.61,96.0,143.83,19.57,1.296,127.09,70.0,1075604.3,2476.59,1075634.3,1075644.3,1075654.3,1075664.3,1075674.3,1075684.3,1075694.3,1075704.3,1075714.3,1075724.3,1075734.3,1075744.3,1075754.3,1075764.3,1075774.3,1075784.3,1075794.3,1075804.3,1075814.3,1075824.3,1075834.3,1075844.3,1075854.3
2026-03,2045-08,233,accelerated_ai_load,1053.92,96.0,140.2,15.35,1.317,127.07,70.0,1091286.64,2500.04,1091316.64,1091326.64,1091336.64,1091346.64,1091356.64,1091366.64,1091376.64,1091386.64,1091396.64,1091406.64,1091416.64,1091426.64,1091436.64,1091446.64,1091456.64,1091466.64,1091476.64,1091486.64,1091496.64,1091506.64,1091516.64,1091526.64,1091536.64
2026-03,2045-09,234,accelerated_ai_load,1057.39,96.0,141.61,8.34,1.324,126.61,70.0,1098349.6,2519.97,1098379.6,1098389.6,1098399.6,1098409.6,1098419.6,1098429.6,1098439.6,1098449.6,1098459.6,1098469.6,1098479.6,1098489.6,1098499.6,1098509.6,1098519.6,1098529.6,1098539.6,1098549.6,1098559.6,1098569.6,1098579.6,1098589.6,1098599.6
2026-03,2045-10,235,accelerated_ai_load,1061.08,96.0,141.31,-0.4,1.325,126.52,70.0,1102514.27,2544.99,1102544.27,1102554.27,1102564.27,1102574.27,1102584.27,1102594.27,1102604.27,1102614.27,1102624.27,1102634.27,1102644.27,1102654.27,1102664.27,1102674.27,1102684.27,1102694.27,1102704.27,1102714.27,1102724.27,1102734.27,1102744.27,1102754.27,1102764.27
2026-03,2045-11,236,accelerated_ai_load,1062.01,96.0,136.08,-2.18,1.325,127.04,70.0,1103475.71,2540.1,1103505.71,1103515.71,1103525.71,1103535.71,1103545.71,1103555.71,1103565.71,1103575.71,1103585.71,1103595.71,1103605.71,1103615.71,1103625.71,1103635.71,1103645.71,1103655.71,1103665.71,1103675.71,1103685.71,1103695.71,1103705.71,1103715.71,1103725.71
2026-03,2045-12,237,accelerated_ai_load,1068.34,96.0,135.88,-4.12,1.318,127.25,70.0,1102140.41,2536.02,1102170.41,1102180.41,1102190.41,1102200.41,1102210.41,1102220.41,1102230.41,1102240.41,1102250.41,1102260.41,1102270.41,1102280.41,1102290.41,1102300.41,1102310.41,1102320.41,1102330.41,1102340.41,1102350.41,1102360.41,1102370.41,1102380.41,1102390.41
2026-03,2046-01,238,accelerated_ai_load,1071.13,96.0,134.72,-3.86,1.337,127.49,70.0,1119465.27,2574.97,1119495.27,1119505.27,1119515.27,1119525.27,1119535.27,1119545.27,1119555.27,1119565.27,1119575.27,1119585.27,1119595.27,1119605.27,1119615.27,1119625.27,1119635.27,1119645.27,1119655.27,1119665.27,1119675.27,1119685.27,1119695.27,1119705.27,1119715.27
2026-03,2046-02,239,accelerated_ai_load,1088.15,96.0,133.22,1.91,1.318,127.47,70.0,1123733.75,2581.56,1123763.75,1123773.75,1123783.75,1123793.75,1123803.75,1123813.75,1123823.75,1123833.75,1123843.75,1123853.75,1123863.75,1123873.75,1123883.75,1123893.75,1123903.75,1123913.75,1123923.75,1123933.75,1123943.75,1123953.75,1123963.75,1123973.75,1123983.75
2026-03,2046-03,240,accelerated_ai_load,1085.39,96.0,134.02,6.98,1.327,127.42,70.0,1127530.77,2591.45,1127560.77,1127570.77,1127580.77,1127590.77,1127600.77,1127610.77,1127620.77,1127630.77,1127640.77,1127650.77,1127660.77,1127670.77,1127680.77,1127690.77,1127700.77,1127710.77,1127720.77,1127730.77,1127740.77,1127750.77,1127760.77,1127770.77,1127780.77
2026-03,2046-04,241,accelerated_ai_load,1093.28,96.0,135.8,14.98,1.312,128.54,70.0,1127165.82,2599.93,1127195.82,1127205.82,1127215.82,1127225.82,1127235.82,1127245.82,1127255.82,1127265.82,1127275.82,1127285.82,1127295.82,1127305.82,1127315.82,1127325.82,1127335.82,1127345.82,1127355.82,1127365.82,1127375.82,1127385.82,1127395.82,1127405.82,1127415.82
2026-03,2046-05,242,accelerated_ai_load,1089.35,96.0,138.47,20.89,1.34,127.94,70.0,1144713.52,2616.88,1144743.52,1144753.52,1144763.52,1144773.52,1144783.52,1144793.52,1144803.52,1144813.52,1144823.52,1144833.52,1144843.52,1144853.52,1144863.52,1144873.52,1144883.52,1144893.52,1144903.52,1144913.52,1144923.52,1144933.52,1144943.52,1144953.52,1144963.52
2026-03,2046-06,243,accelerated_ai_load,1091.11,96.0,139.77,20.68,1.352,128.3,70.0,1155700.42,2644.97,1155730.42,1155740.42,1155750.42,1155760.42,1155770.42,1155780.42,1155790.42,1155800.42,1155810.42,1155820.42,1155830.42,1155840.42,1155850.42,1155860.42,1155870.42,1155880.42,1155890.42,1155900.42,1155910.42,1155920.42,1155930.42,1155940.42,1155950.42
2026-03,2046-07,244,accelerated_ai_load,1106.84,96.0,141.44,20.44,1.334,128.22,70.0,1155841.48,2661.23,1155871.48,1155881.48,1155891.48,1155901.48,1155911.48,1155921.48,1155931.48,1155941.48,1155951.48,1155961.48,1155971.48,1155981.48,1155991.48,1156001.48,1156011.48,1156021.48,1156031.48,1156041.48,1156051.48,1156061.48,1156071.48,1156081.48,1156091.48
2026-03,2046-08,245,accelerated_ai_load,1104.13,96.0,142.42,13.97,1.329,128.96,70.0,1147628.49,2635.36,1147658.49,1147668.49,1147678.49,1147688.49,1147698.49,1147708.49,1147718.49,1147728.49,1147738.49,1147748.49,1147758.49,1147768.49,1147778.49,1147788.49,1147798.49,1147808.49,1147818.49,1147828.49,1147838.49,1147848.49,1147858.49,1147868.49,1147878.49
2026-03,2046-09,246,accelerated_ai_load,1112.97,96.0,142.62,6.77,1.324,127.57,70.0,1150326.38,2644.87,1150356.38,1150366.38,1150376.38,1150386.38,1150396.38,1150406.38,1150416.38,1150426.38,1150436.38,1150446.38,1150456.38,1150466.38,1150476.38,1150486.38,1150496.38,1150506.38,1150516.38,1150526.38,1150536.38,1150546.38,1150556.38,1150566.38,1150576.38
2026-03,2046-10,247,accelerated_ai_load,1117.84,96.0,145.96,1.56,1.322,128.14,70.0,1155277.95,2656.64,1155307.95,1155317.95,1155327.95,1155337.95,1155347.95,1155357.95,1155367.95,1155377.95,1155387.95,1155397.95,1155407.95,1155417.95,1155427.95,1155437.95,1155447.95,1155457.95,1155467.95,1155477.95,1155487.95,1155497.95,1155507.95,1155517.95,1155527.95
2026-03,2046-11,248,accelerated_ai_load,1122.46,96.0,143.29,-2.64,1.327,128.67,70.0,1159776.39,2669.13,1159806.39,1159816.39,1159826.39,1159836.39,1159846.39,1159856.39,1159866.39,1159876.39,1159886.39,1159896.39,1159906.39,1159916.39,1159926.39,1159936.39,1159946.39,1159956.39,1159966.39,1159976.39,1159986.39,1159996.39,1160006.39,1160016.39,1160026.39
2026-03,2046-12,249,accelerated_ai_load,1126.31,96.0,147.0,-3.5,1.322,128.73,70.0,1162855.92,2677.96,1162885.92,1162895.92,1162905.92,1162915.92,1162925.92,1162935.92,1162945.92,1162955.92,1162965.92,1162975.92,1162985.92,1162995.92,1163005.92,1163015.92,1163025.92,1163035.92,1163045.92,1163055.92,1163065.92,1163075.92,1163085.92,1163095.92,1163105.92
2026-06,2027-01,7,uncertain_connection,141.8,54.54,104.94,-4.4,1.308,100.65,32.88,148345.05,339.51,148375.05,148385.05,148395.05,148405.05,148415.05,148425.05,148435.05,148445.05,148455.05,148465.05,148475.05,148485.05,148495.05,148505.05,148515.05,148525.05,148535.05,148545.05,148555.05,148565.05,148575.05,148585.05,148595.05
2026-06,2027-02,8,uncertain_connection,144.64,63.87,106.08,1.6,1.314,99.71,30.57,163126.51,384.87,163156.51,163166.51,163176.51,163186.51,163196.51,163206.51,163216.51,163226.51,163236.51,163246.51,163256.51,163266.51,163276.51,163286.51,163296.51,163306.51,163316.51,163326.51,163336.51,163346.51,163356.51,163366.51,163376.51
2026-06,2027-03,9,uncertain_connection,147.01,65.17,108.12,9.35,1.31,99.84,29.76,170718.66,389.39,170748.66,170758.66,170768.66,170778.66,170788.66,170798.66,170808.66,170818.66,170828.66,170838.66,170848.66,170858.66,170868.66,170878.66,170888.66,170898.66,170908.66,170918.66,170928.66,170938.66,170948.66,170958.66,170968.66
2026-06,2027-04,10,uncertain_connection,142.66,66.77,108.31,14.36,1.309,101.49,31.84,170927.43,386.23,170957.43,170967.43,170977.43,170987.43,170997.43,171007.43,171017.43,171027.43,171037.43,171047.43,171057.43,171067.43,171077.43,171087.43,171097.43,171107.43,171117.43,171127.43,171137.43,171147.43,171157.43,171167.43,171177.43
2026-06,2027-05,11,uncertain_connection,160.06,66.32,109.7,20.18,1.335,100.99,30.93,185766.52,424.64,185796.52,185806.52,185816.52,185826.52,185836.52,185846.52,185856.52,185866.52,185876.52,185886.52,185896.52,185906.52,185916.52,185926.52,185936.52,185946.52,185956.52,185966.52,185976.52,185986.52,185996.52,186006.52,186016.52
2026-06,2027-06,12,uncertain_connection,163.72,63.82,111.0,19.69,1.323,100.71,25.91,182505.03,409.29,182535.03,182545.03,182555.03,182565.03,182575.03,182585.03,182595.03,182605.03,182615.03,182625.03,182635.03,182645.03,182655.03,182665.03,182675.03,182685.03,182695.03,182705.03,182715.03,182725.03,182735.03,182745.03,182755.03
2026-06,2027-07,13,uncertain_connection,166.86,65.15,109.51,19.56,1.329,101.08,26.49,187629.1,427.58,187659.1,187669.1,187679.1,187689.1,187699.1,187709.1,187719.1,187729.1,187739.1,187749.1,187759.1,187769.1,187779.1,187789.1,187799.1,187809.1,187819.1,187829.1,187839.1,187849.1,187859.1,187869.1,187879.1
2026-06,2027-08,14,uncertain_connection,164.21,60.78,107.62,15.77,1.306,101.35,25.01,172136.57,382.9,172166.57,172176.57,172186.57,172196.57,172206.57,172216.57,172226.57,172236.57,172246.57,172256.57,172266.57,172276.57,172286.57,172296.57,172306.57,172316.57,172326.57,172336.57,172346.57,172356.57,172366.57,172376.57,172386.57
2026-06,2027-09,15,uncertain_connection,172.05,57.26,105.77,7.83,1.32,102.0,27.93,174601.45,400.08,174631.45,174641.45,174651.45,174661.45,174671.45,174681.45,174691.45,174701.45,174711.45,174721.45,174731.45,174741.45,174751.45,174761.45,174771.45,174781.45,174791.45,174801.45,174811.45,174821.45,174831.45,174841.45,174851.45
2026-06,2027-10,16,uncertain_connection,185.57,59.84,105.48,0.67,1.321,102.16,30.17,185168.75,434.43,185198.75,185208.75,185218.75,185228.75,185238.75,185248.75,185258.75,185268.75,185278.75,185288.75,185298.75,185308.75,185318.75,185328.75,185338.75,185348.75,185358.75,185368.75,185378.75,185388.75,185398.75,185408.75,185418.75
2026-06,2027-11,17,uncertain_connection,190.31,57.01,105.32,-4.54,1.309,101.6,32.21,180655.39,422.55,180685.39,180695.39,180705.39,180715.39,180725.39,180735.39,180745.39,180755.39,180765.39,180775.39,180785.39,180795.39,180805.39,180815.39,180825.39,180835.39,180845.39,180855.39,180865.39,180875.39,180885.39,180895.39,180905.39
2026-06,2027-12,18,uncertain_connection,182.18,61.11,103.59,-4.16,1.299,101.15,32.69,180786.62,419.01,180816.62,180826.62,180836.62,180846.62,180856.62,180866.62,180876.62,180886.62,180896.62,180906.62,180916.62,180926.62,180936.62,180946.62,180956.62,180966.62,180976.62,180986.62,180996.62,181006.62,181016.62,181026.62,181036.62
2026-06,2028-01,19,uncertain_connection,193.75,62.86,101.21,-2.39,1.308,102.33,37.69,192785.25,443.37,192815.25,192825.25,192835.25,192845.25,192855.25,192865.25,192875.25,192885.25,192895.25,192905.25,192915.25,192925.25,192935.25,192945.25,192955.25,192965.25,192975.25,192985.25,192995.25,193005.25,193015.25,193025.25,193035.25
2026-06,2028-02,20,uncertain_connection,198.99,65.59,100.32,-0.14,1.304,102.3,38.62,203812.43,473.28,203842.43,203852.43,203862.43,203872.43,203882.43,203892.43,203902.43,203912.43,203922.43,203932.43,203942.43,203952.43,203962.43,203972.43,203982.43,203992.43,204002.43,204012.43,204022.43,204032.43,204042.43,204052.43,204062.43
2026-06,2028-03,21,uncertain_connection,204.24,69.19,103.25,5.99,1.302,102.26,34.99,211819.36,496.52,211849.36,211859.36,211869.36,211879.36,211889.36,211899.36,211909.36,211919.36,211929.36,211939.36,211949.36,211959.36,211969.36,211979.36,211989.36,211999.36,212009.36,212019.36,212029.36,212039.36,212049.36,212059.36,212069.36
2026-06,2028-04,22,accelerated_ai_load,212.29,78.69,100.52,14.96,1.317,102.2,38.85,243307.84,541.52,243337.84,243347.84,243357.84,243367.84,243377.84,243387.84,243397.84,243407.84,243417.84,243427.84,243437.84,243447.84,243457.84,243467.84,243477.84,243487.84,243497.84,243507.84,243517.84,243527.84,243537.84,243547.84,243557.84
2026-06,2028-05,23,accelerated_ai_load,213.54,82.96,103.91,17.01,1.31,102.53,31.8,252662.75,572.54,252692.75,252702.75,252712.75,252722.75,252732.75,252742.75,252752.75,252762.75,252772.75,252782.75,252792.75,252802.75,252812.75,252822.75,252832.75,252842.75,252852.75,252862.75,252872.75,252882.75,252892.75,252902.75,252912.75
2026-06,2028-06,24,accelerated_ai_load,215.7,81.6,106.73,19.89,1.329,102.16,31.78,256809.67,581.32,256839.67,256849.67,256859.67,256869.67,256879.67,256889.67,256899.67,256909.67,256919.67,256929.67,256939.67,256949.67,256959.67,256969.67,256979.67,256989.67,256999.67,257009.67,257019.67,257029.67,257039.67,257049.67,257059.67
2026-06,2028-07,25,accelerated_ai_load,223.22,86.0,107.11,20.21,1.309,102.56,31.68,266530.73,590.11,266560.73,266570.73,266580.73,266590.73,266600.73,266610.73,266620.73,266630.73,266640.73,266650.73,266660.73,266670.73,266680.73,266690.73,266700.73,266710.73,266720.73,266730.73,266740.73,266750.73,266760.73,266770.73,266780.73
2026-06,2028-08,26,accelerated_ai_load,223.98,74.53,108.66,16.2,1.334,102.66,32.21,247968.46,563.13,247998.46,248008.46,248018.46,248028.46,248038.46,248048.46,248058.46,248068.46,248078.46,248088.46,248098.46,248108.46,248118.46,248128.46,248138.46,248148.46,248158.46,248168.46,248178.46,248188.46,248198.46,248208.46,248218.46
2026-06,2028-09,27,accelerated_ai_load,227.32,80.89,109.77,6.32,1.297,102.4,29.1,254521.82,581.83,254551.82,254561.82,254571.82,254581.82,254591.82,254601.82,254611.82,254621.82,254631.82,254641.82,254651.82,254661.82,254671.82,254681.82,254691.82,254701.82,254711.82,254721.82,254731.82,254741.82,254751.82,254761.82,254771.82
2026-06,2028-10,28,accelerated_ai_load,228.41,72.7,112.83,0.39,1.328,103.58,34.96,241795.7,554.79,241825.7,241835.7,241845.7,241855.7,241865.7,241875.7,241885.7,241895.7,241905.7,241915.7,241925.7,241935.7,241945.7,241955.7,241965.7,241975.7,241985.7,241995.7,242005.7,242015.7,242025.7,242035.7,242045.7
2026-06,2028-11,29,accelerated_ai_load,237.24,74.44,113.72,-2.93,1.327,103.68,35.39,249698.8,585.59,249728.8,249738.8,249748.8,249758.8,249768.8,249778.8,249788.8,249798.8,249808.8,249818.8,249828.8,249838.8,249848.8,249858.8,249868.8,249878.8,249888.8,249898.8,249908.8,249918.8,249928.8,249938.8,249948.8
2026-06,2028-12,30,uncertain_connection,234.98,70.69,115.62,-3.81,1.31,103.29,41.84,236544.01,556.54,236574.01,236584.01,236594.01,236604.01,236614.01,236624.01,236634.01,236644.01,236654.01,236664.01,236674.01,236684.01,236694.01,236704.01,236714.01,236724.01,236734.01,236744.01,236754.01,236764.01,236774.01,236784.01,236794.01
2026-06,2029-01,31,accelerated_ai_load,244.62,77.77,112.7,-2.91,1.33,103.45,40.47,261665.67,604.97,261695.67,261705.67,261715.67,261725.67,261735.67,261745.67,261755.67,261765.67,261775.67,261785.67,261795.67,261805.67,261815.67,261825.67,261835.67,261845.67,261855.67,261865.67,261875.67,261885.67,261895.67,261905.67,261915.67
2026-06,2029-02,32,accelerated_ai_load,255.0,75.28,112.05,0.47,1.334,103.52,41.62,270332.4,624.04,270362.4,270372.4,270382.4,270392.4,270402.4,270412.4,270422.4,270432.4,270442.4,270452.4,270462.4,270472.4,270482.4,270492.4,270502.4,270512.4,270522.4,270532.4,270542.4,270552.4,270562.4,270572.4,270582.4
2026-06,2029-03,33,accelerated_ai_load,255.84,82.03,110.28,9.14,1.307,103.61,42.2,282848.1,644.51,282878.1,282888.1,282898.1,282908.1,282918.1,282928.1,282938.1,282948.1,282958.1,282968.1,282978.1,282988.1,282998.1,283008.1,283018.1,283028.1,283038.1,283048.1,283058.1,283068.1,283078.1,283088.1,283098.1
2026-06,2029-04,34,accelerated_ai_load,247.38,74.85,109.62,13.21,1.329,103.14,44.02,262240.75,611.8,262270.75,262280.75,262290.75,262300.75,262310.75,262320.75,262330.75,262340.75,262350.75,262360.75,262370.75,262380.75,262390.75,262400.75,262410.75,262420.75,262430.75,262440.75,262450.75,262460.75,262470.75,262480.75,262490.75
2026-06,2029-05,35,accelerated_ai_load,264.8,80.19,106.64,18.89,1.32,104.45,36.69,289816.41,656.4,289846.41,289856.41,289866.41,289876.41,289886.41,289896.41,289906.41,289916.41,289926.41,289936.41,289946.41,289956.41,289966.41,289976.41,289986.41,289996.41,290006.41,290016.41,290026.41,290036.41,290046.41,290056.41,290066.41
2026-06,2029-06,36,accelerated_ai_load,265.09,90.76,105.98,21.29,1.357,103.98,37.57,326951.57,736.26,326981.57,326991.57,327001.57,327011.57,327021.57,327031.57,327041.57,327051.57,327061.57,327071.57,327081.57,327091.57,327101.57,327111.57,327121.57,327131.57,327141.57,327151.57,327161.57,327171.57,327181.57,327191.57,327201.57
2026-06,2029-07,37,accelerated_ai_load,268.23,90.0,105.77,19.95,1.326,103.52,35.22,318614.04,731.8,318644.04,318654.04,318664.04,318674.04,318684.04,318694.04,318704.04,318714.04,318724.04,318734.04,318744.04,318754.04,318764.04,318774.04,318784.04,318794.04,318804.04,318814.04,318824.04,318834.04,318844.04,318854.04,318864.04
2026-06,2029-08,38,accelerated_ai_load,270.3,92.24,104.12,13.19,1.308,104.65,37.52,321892.55,723.53,321922.55,321932.55,321942.55,321952.55,321962.55,321972.55,321982.55,321992.55,322002.55,322012.55,322022.55,322032.55,322042.55,322052.55,322062.55,322072.55,322082.55,322092.55,322102.55,322112.55,322122.55,322132.55,322142.55
2026-06,2029-09,39,accelerated_ai_load,275.23,96.0,104.36,7.71,1.312,103.91,35.83,336760.4,758.92,336790.4,336800.4,336810.4,336820.4,336830.4,336840.4,336850.4,336860.4,336870.4,336880.4,336890.4,336900.4,336910.4,336920.4,336930.4,336940.4,336950.4,336960.4,336970.4,336980.4,336990.4,337000.4,337010.4
2026-06,2029-10,40,accelerated_ai_load,273.09,96.0,104.56,2.31,1.321,103.73,33.92,334803.17,752.39,334833.17,334843.17,334853.17,334863.17,334873.17,334883.17,334893.17,334903.17,334913.17,334923.17,334933.17,334943.17,334953.17,334963.17,334973.17,334983.17,334993.17,335003.17,335013.17,335023.17,335033.17,335043.17,335053.17
2026-06,2029-11,41,accelerated_ai_load,285.33,89.42,107.07,-5.61,1.326,104.38,42.35,329708.99,736.76,329738.99,329748.99,329758.99,329768.99,329778.99,329788.99,329798.99,329808.99,329818.99,329828.99,329838.99,329848.99,329858.99,329868.99,329878.99,329888.99,329898.99,329908.99,329918.99,329928.99,329938.99,329948.99,329958.99
2026-06,2029-12,42,accelerated_ai_load,291.19,91.57,108.19,-4.43,1.313,103.78,47.91,336281.01,762.53,336311.01,336321.01,336331.01,336341.01,336351.01,336361.01,336371.01,336381.01,336391.01,336401.01,336411.01,336421.01,336431.01,336441.01,336451.01,336461.01,336471.01,336481.01,336491.01,336501.01,336511.01,336521.01,336531.01
2026-06,2030-01,43,accelerated_ai_load,297.82,92.5,110.25,-3.9,1.319,104.87,45.41,346001.78,770.67,346031.78,346041.78,346051.78,346061.78,346071.78,346081.78,346091.78,346101.78,346111.78,346121.78,346131.78,346141.78,346151.78,346161.78,346171.78,346181.78,346191.78,346201.78,346211.78,346221.78,346231.78,346241.78,346251.78
2026-06,2030-02,44,accelerated_ai_load,303.62,80.77,112.93,2.47,1.315,104.45,49.72,316946.17,728.02,316976.17,316986.17,316996.17,317006.17,317016.17,317026.17,317036.17,317046.17,317056.17,317066.17,317076.17,317086.17,317096.17,317106.17,317116.17,317126.17,317136.17,317146.17,317156.17,317166.17,317176.17,317186.17,317196.17
2026-06,2030-03,45,accelerated_ai_load,306.81,81.02,112.69,8.45,1.324,105.47,44.73,327353.89,753.15,327383.89,327393.89,327403.89,327413.89,327423.89,327433.89,327443.89,327453.89,327463.89,327473.89,327483.89,327493.89,327503.89,327513.89,327523.89,327533.89,327543.89,327553.89,327563.89,327573.89,327583.89,327593.89,327603.89
2026-06,2030-04,46,accelerated_ai_load,310.67,89.73,114.27,15.13,1.311,105.23,46.43,352448.9,790.88,352478.9,352488.9,352498.9,352508.9,352518.9,352528.9,352538.9,352548.9,352558.9,352568.9,352578.9,352588.9,352598.9,352608.9,352618.9,352628.9,352638.9,352648.9,352658.9,352668.9,352678.9,352688.9,352698.9
2026-06,2030-05,47,accelerated_ai_load,304.81,81.33,114.67,18.49,1.327,105.47,45.04,327032.87,741.89,327062.87,327072.87,327082.87,327092.87,327102.87,327112.87,327122.87,327132.87,327142.87,327152.87,327162.87,327172.87,327182.87,327192.87,327202.87,327212.87,327222.87,327232.87,327242.87,327252.87,327262.87,327272.87,327282.87
2026-06,2030-06,48,accelerated_ai_load,312.69,94.79,114.17,19.97,1.32,105.81,41.48,375032.26,838.37,375062.26,375072.26,375082.26,375092.26,375102.26,375112.26,375122.26,375132.26,375142.26,375152.26,375162.26,375172.26,375182.26,375192.26,375202.26,375212.26,375222.26,375232.26,375242.26,375252.26,375262.26,375272.26,375282.26
2026-06,2030-07,49,accelerated_ai_load,315.24,94.14,115.13,20.2,1.317,105.96,39.99,374331.56,853.02,374361.56,374371.56,374381.56,374391.56,374401.56,374411.56,374421.56,374431.56,374441.56,374451.56,374461.56,374471.56,374481.56,374491.56,374501.56,374511.56,374521.56,374531.56,374541.56,374551.56,374561.56,374571.56,374581.56
2026-06,2030-08,50,accelerated_ai_load,325.19,96.0,115.67,14.27,1.322,106.27,41.58,390110.2,877.78,390140.2,390150.2,390160.2,390170.2,390180.2,390190.2,390200.2,390210.2,390220.2,390230.2,390240.2,390250.2,390260.2,390270.2,390280.2,390290.2,390300.2,390310.2,390320.2,390330.2,390340.2,390350.2,390360.2
2026-06,2030-09,51,accelerated_ai_load,328.74,96.0,112.54,8.31,1.32,105.93,39.6,388741.29,881.18,388771.29,388781.29,388791.29,388801.29,388811.29,388821.29,388831.29,388841.29,388851.29,388861.29,388871.29,388881.29,388891.29,388901.29,388911.29,388921.29,388931.29,388941.29,388951.29,388961.29,388971.29,388981.29,388991.29
2026-06,2030-10,52,accelerated_ai_load,325.23,96.0,111.71,0.6,1.318,105.33,42.84,382232.68,866.87,382262.68,382272.68,382282.68,382292.68,382302.68,382312.68,382322.68,382332.68,382342.68,382352.68,382362.68,382372.68,382382.68,382392.68,382402.68,382412.68,382422.68,382432.68,382442.68,382452.68,382462.68,382472.68,382482.68
2026-06,2030-11,53,accelerated_ai_load,334.44,96.0,111.88,-3.57,1.313,106.11,43.22,389543.8,870.57,389573.8,389583.8,389593.8,389603.8,389613.8,389623.8,389633.8,389643.8,389653.8,389663.8,389673.8,389683.8,389693.8,389703.8,389713.8,389723.8,389733.8,389743.8,389753.8,389763.8,389773.8,389783.8,389793.8
2026-06,2030-12,54,accelerated_ai_load,338.57,96.0,109.08,-6.68,1.338,106.31,51.38,402677.5,904.47,402707.5,402717.5,402727.5,402737.5,402747.5,402757.5,402767.5,402777.5,402787.5,402797.5,402807.5,402817.5,402827.5,402837.5,402847.5,402857.5,402867.5,402877.5,402887.5,402897.5,402907.5,402917.5,402927.5
2026-06,2031-01,55,accelerated_ai_load,346.03,96.0,107.96,-1.81,1.311,106.35,51.8,399897.94,897.72,399927.94,399937.94,399947.94,399957.94,399967.94,399977.94,399987.94,399997.94,400007.94,400017.94,400027.94,400037.94,400047.94,400057.94,400067.94,400077.94,400087.94,400097.94,400107.94,400117.94,400127.94,400137.94,400147.94
2026-06,2031-02,56,accelerated_ai_load,341.59,96.0,107.68,0.12,1.312,106.94,50.1,397219.78,904.77,397249.78,397259.78,397269.78,397279.78,397289.78,397299.78,397309.78,397319.78,397329.78,397339.78,397349.78,397359.78,397369.78,397379.78,397389.78,397399.78,397409.78,397419.78,397429.78,397439.78,397449.78,397459.78,397469.78
2026-06,2031-03,57,accelerated_ai_load,349.49,96.0,106.86,5.88,1.328,106.69,53.22,412505.25,936.16,412535.25,412545.25,412555.25,412565.25,412575.25,412585.25,412595.25,412605.25,412615.25,412625.25,412635.25,412645.25,412655.25,412665.25,412675.25,412685.25,412695.25,412705.25,412715.25,412725.25,412735.25,412745.25,412755.25
2026-06,2031-04,58,accelerated_ai_load,350.81,96.0,108.75,13.41,1.31,106.97,48.22,409449.25,929.02,409479.25,409489.25,409499.25,409509.25,409519.25,409529.25,409539.25,409549.25,409559.25,409569.25,409579.25,409589.25,409599.25,409609.25,409619.25,409629.25,409639.25,409649.25,409659.25,409669.25,409679.25,409689.25,409699.25
2026-06,2031-05,59,accelerated_ai_load,362.92,96.0,109.13,19.95,1.302,106.07,50.35,422774.11,953.73,422804.11,422814.11,422824.11,422834.11,422844.11,422854.11,422864.11,422874.11,422884.11,422894.11,422904.11,422914.11,422924.11,422934.11,422944.11,422954.11,422964.11,422974.11,422984.11,422994.11,423004.11,423014.11,423024.11
2026-06,2031-06,60,accelerated_ai_load,363.11,96.0,111.62,20.79,1.332,107.11,42.9,429105.77,970.47,429135.77,429145.77,429155.77,429165.77,429175.77,429185.77,429195.77,429205.77,429215.77,429225.77,429235.77,429245.77,429255.77,429265.77,429275.77,429285.77,429295.77,429305.77,429315.77,429325.77,429335.77,429345.77,429355.77
2026-06,2031-07,61,accelerated_ai_load,367.75,96.0,112.26,18.43,1.32,106.6,45.19,431088.57,965.11,431118.57,431128.57,431138.57,431148.57,431158.57,431168.57,431178.57,431188.57,431198.57,431208.57,431218.57,431228.57,431238.57,431248.57,431258.57,431268.57,431278.57,431288.57,431298.57,431308.57,431318.57,431328.57,431338.57
2026-06,2031-08,62,accelerated_ai_load,368.26,96.0,114.74,14.25,1.318,107.13,43.21,428940.33,967.46,428970.33,428980.33,428990.33,429000.33,429010.33,429020.33,429030.33,429040.33,429050.33,429060.33,429070.33,429080.33,429090.33,429100.33,429110.33,429120.33,429130.33,429140.33,429150.33,429160.33,429170.33,429180.33,429190.33
2026-06,2031-09,63,accelerated_ai_load,375.22,96.0,117.63,6.07,1.311,107.84,46.63,429876.54,973.61,429906.54,429916.54,429926.54,429936.54,429946.54,429956.54,429966.54,429976.54,429986.54,429996.54,430006.54,430016.54,430026.54,430036.54,430046.54,430056.54,430066.54,430076.54,430086.54,430096.54,430106.54,430116.54,430126.54
2026-06,2031-10,64,accelerated_ai_load,381.3,96.0,116.81,2.16,1.309,107.16,47.25,435960.25,980.94,435990.25,436000.25,436010.25,436020.25,436030.25,436040.25,436050.25,436060.25,436070.25,436080.25,436090.25,436100.25,436110.25,436120.25,436130.25,436140.25,436150.25,436160.25,436170.25,436180.25,436190.25,436200.25,436210.25
2026-06,2031-11,65,accelerated_ai_load,384.94,96.0,118.16,-4.81,1.315,107.45,51.65,441636.72,997.54,441666.72,441676.72,441686.72,441696.72,441706.72,441716.72,441726.72,441736.72,441746.72,441756.72,441766.72,441776.72,441786.72,441796.72,441806.72,441816.72,441826.72,441836.72,441846.72,441856.72,441866.72,441876.72,441886.72
2026-06,2031-12,66,accelerated_ai_load,394.26,96.0,119.01,-3.85,1.316,107.89,52.32,449028.19,1010.38,449058.19,449068.19,449078.19,449088.19,449098.19,449108.19,449118.19,449128.19,449138.19,449148.19,449158.19,449168.19,449178.19,449188.19,449198.19,449208.19,449218.19,449228.19,449238.19,449248.19,449258.19,449268.19,449278.19
2026-06,2032-01,67,accelerated_ai_load,389.73,96.0,119.22,-3.68,1.324,108.14,54.82,444036.04,1009.38,444066.04,444076.04,444086.04,444096.04,444106.04,444116.04,444126.04,444136.04,444146.04,444156.04,444166.04,444176.04,444186.04,444196.04,444206.04,444216.04,444226.04,444236.04,444246.04,444256.04,444266.04,444276.04,444286.04
2026-06,2032-02,68,accelerated_ai_load,401.39,96.0,116.05,1.3,1.302,107.09,58.62,453028.82,1021.46,453058.82,453068.82,453078.82,453088.82,453098.82,453108.82,453118.82,453128.82,453138.82,453148.82,453158.82,453168.82,453178.82,453188.82,453198.82,453208.82,453218.82,453228.82,453238.82,453248.82,453258.82,453268.82,453278.82
2026-06,2032-03,69,accelerated_ai_load,391.6,96.0,118.01,9.18,1.31,108.07,56.69,449906.46,1017.56,449936.46,449946.46,449956.46,449966.46,449976.46,449986.46,449996.46,450006.46,450016.46,450026.46,450036.46,450046.46,450056.46,450066.46,450076.46,450086.46,450096.46,450106.46,450116.46,450126.46,450136.46,450146.46,450156.46
2026-06,2032-04,70,accelerated_ai_load,414.24,96.0,114.99,14.53,1.316,108.03,55.97,475731.56,1065.49,475761.56,475771.56,475781.56,475791.56,475801.56,475811.56,475821.56,475831.56,475841.56,475851.56,475861.56,475871.56,475881.56,475891.56,475901.56,475911.56,475921.56,475931.56,475941.56,475951.56,475961.56,475971.56,475981.56
2026-06,2032-05,71,accelerated_ai_load,420.11,96.0,113.56,20.68,1.343,107.69,52.43,492071.54,1116.31,492101.54,492111.54,492121.54,492131.54,492141.54,492151.54,492161.54,492171.54,492181.54,492191.54,492201.54,492211.54,492221.54,492231.54,492241.54,492251.54,492261.54,492271.54,492281.54,492291.54,492301.54,492311.54,492321.54
2026-06,2032-06,72,accelerated_ai_load,418.4,96.0,111.64,20.64,1.341,108.3,52.61,486029.79,1099.67,486059.79,486069.79,486079.79,486089.79,486099.79,486109.79,486119.79,486129.79,486139.79,486149.79,486159.79,486169.79,486179.79,486189.79,486199.79,486209.79,486219.79,486229.79,486239.79,486249.79,486259.79,486269.79,486279.79
2026-06,2032-07,73,accelerated_ai_load,414.43,96.0,109.65,18.71,1.315,109.18,48.32,474167.96,1078.52,474197.96,474207.96,474217.96,474227.96,474237.96,474247.96,474257.96,474267.96,474277.96,474287.96,474297.96,474307.96,474317.96,474327.96,474337.96,474347.96,474357.96,474367.96,474377.96,474387.96,474397.96,474407.96,474417.96
2026-06,2032-08,74,accelerated_ai_load,418.33,96.0,111.11,15.65,1.318,108.27,51.86,477953.42,1085.88,477983.42,477993.42,478003.42,478013.42,478023.42,478033.42,478043.42,478053.42,478063.42,478073.42,478083.42,478093.42,478103.42,478113.42,478123.42,478133.42,478143.42,478153.42,478163.42,478173.42,478183.42,478193.42,478203.42
2026-06,2032-09,75,accelerated_ai_load,421.55,96.0,112.26,9.18,1.319,108.81,53.81,482006.47,1089.22,482036.47,482046.47,482056.47,482066.47,482076.47,482086.47,482096.47,482106.47,482116.47,482126.47,482136.47,482146.47,482156.47,482166.47,482176.47,482186.47,482196.47,482206.47,482216.47,482226.47,482236.47,482246.47,482256.47
2026-06,2032-10,76,accelerated_ai_load,425.92,96.0,113.44,0.35,1.317,108.44,54.05,482398.4,1091.18,482428.4,482438.4,482448.4,482458.4,482468.4,482478.4,482488.4,482498.4,482508.4,482518.4,482528.4,482538.4,482548.4,482558.4,482568.4,482578.4,482588.4,482598.4,482608.4,482618.4,482628.4,482638.4,482648.4
2026-06,2032-11,77,accelerated_ai_load,439.31,96.0,113.75,-3.77,1.298,109.56,60.73,487523.6,1108.34,487553.6,487563.6,487573.6,487583.6,487593.6,487603.6,487613.6,487623.6,487633.6,487643.6,487653.6,487663.6,487673.6,487683.6,487693.6,487703.6,487713.6,487723.6,487733.6,487743.6,487753.6,487763.6,487773.6
2026-06,2032-12,78,accelerated_ai_load,436.81,96.0,113.15,-3.95,1.325,109.74,57.54,491548.72,1119.17,491578.72,491588.72,491598.72,491608.72,491618.72,491628.72,491638.72,491648.72,491658.72,491668.72,491678.72,491688.72,491698.72,491708.72,491718.72,491728.72,491738.72,491748.72,491758.72,491768.72,491778.72,491788.72,491798.72
2026-06,2033-01,79,accelerated_ai_load,444.58,96.0,114.01,-3.44,1.324,109.31,57.95,502404.72,1145.12,502434.72,502444.72,502454.72,502464.72,502474.72,502484.72,502494.72,502504.72,502514.72,502524.72,502534.72,502544.72,502554.72,502564.72,502574.72,502584.72,502594.72,502604.72,502614.72,502624.72,502634.72,502644.72,502654.72
2026-06,2033-02,80,accelerated_ai_load,442.55,96.0,116.63,2.32,1.298,108.57,60.42,493976.05,1126.34,494006.05,494016.05,494026.05,494036.05,494046.05,494056.05,494066.05,494076.05,494086.05,494096.05,494106.05,494116.05,494126.05,494136.05,494146.05,494156.05,494166.05,494176.05,494186.05,494196.05,494206.05,494216.05,494226.05
2026-06,2033-03,81,accelerated_ai_load,445.87,96.0,120.36,8.3,1.313,109.49,61.37,500097.58,1123.19,500127.58,500137.58,500147.58,500157.58,500167.58,500177.58,500187.58,500197.58,500207.58,500217.58,500227.58,500237.58,500247.58,500257.58,500267.58,500277.58,500287.58,500297.58,500307.58,500317.58,500327.58,500337.58,500347.58
2026-06,2033-04,82,accelerated_ai_load,451.59,96.0,121.45,15.43,1.325,109.4,60.04,514184.75,1157.05,514214.75,514224.75,514234.75,514244.75,514254.75,514264.75,514274.75,514284.75,514294.75,514304.75,514314.75,514324.75,514334.75,514344.75,514354.75,514364.75,514374.75,514384.75,514394.75,514404.75,514414.75,514424.75,514434.75
2026-06,2033-05,83,accelerated_ai_load,457.66,96.0,122.47,18.35,1.298,109.8,55.22,509644.13,1161.02,509674.13,509684.13,509694.13,509704.13,509714.13,509724.13,509734.13,509744.13,509754.13,509764.13,509774.13,509784.13,509794.13,509804.13,509814.13,509824.13,509834.13,509844.13,509854.13,509864.13,509874.13,509884.13,509894.13
2026-06,2033-06,84,accelerated_ai_load,455.95,96.0,120.89,21.14,1.358,110.11,57.43,527567.17,1186.28,527597.17,527607.17,527617.17,527627.17,527637.17,527647.17,527657.17,527667.17,527677.17,527687.17,527697.17,527707.17,527717.17,527727.17,527737.17,527747.17,527757.17,527767.17,527777.17,527787.17,527797.17,527807.17,527817.17
2026-06,2033-07,85,accelerated_ai_load,461.92,96.0,120.24,19.6,1.334,109.84,52.95,524464.28,1191.07,524494.28,524504.28,524514.28,524524.28,524534.28,524544.28,524554.28,524564.28,524574.28,524584.28,524594.28,524604.28,524614.28,524624.28,524634.28,524644.28,524654.28,524664.28,524674.28,524684.28,524694.28,524704.28,524714.28
2026-06,2033-08,86,accelerated_ai_load,472.82,96.0,120.75,15.62,1.301,110.3,52.71,524993.83,1191.3,525023.83,525033.83,525043.83,525053.83,525063.83,525073.83,525083.83,525093.83,525103.83,525113.83,525123.83,525133.83,525143.83,525153.83,525163.83,525173.83,525183.83,525193.83,525203.83,525213.83,525223.83,525233.83,525243.83
2026-06,2033-09,87,accelerated_ai_load,473.69,96.0,117.72,8.37,1.306,109.47,55.84,527274.96,1198.21,527304.96,527314.96,527324.96,527334.96,527344.96,527354.96,527364.96,527374.96,527384.96,527394.96,527404.96,527414.96,527424.96,527434.96,527444.96,527454.96,527464.96,527474.96,527484.96,527494.96,527504.96,527514.96,527524.96
2026-06,2033-10,88,accelerated_ai_load,479.94,96.0,115.71,1.74,1.324,110.16,61.21,533638.95,1206.69,533668.95,533678.95,533688.95,533698.95,533708.95,533718.95,533728.95,533738.95,533748.95,533758.95,533768.95,533778.95,533788.95,533798.95,533808.95,533818.95,533828.95,533838.95,533848.95,533858.95,533868.95,533878.95,533888.95
2026-06,2033-11,89,accelerated_ai_load,487.06,96.0,114.0,-1.98,1.309,111.13,59.73,535075.49,1221.04,535105.49,535115.49,535125.49,535135.49,535145.49,535155.49,535165.49,535175.49,535185.49,535195.49,535205.49,535215.49,535225.49,535235.49,535245.49,535255.49,535265.49,535275.49,535285.49,535295.49,535305.49,535315.49,535325.49
2026-06,2033-12,90,accelerated_ai_load,494.57,96.0,114.04,-5.5,1.318,110.94,61.66,549278.83,1233.85,549308.83,549318.83,549328.83,549338.83,549348.83,549358.83,549368.83,549378.83,549388.83,549398.83,549408.83,549418.83,549428.83,549438.83,549448.83,549458.83,549468.83,549478.83,549488.83,549498.83,549508.83,549518.83,549528.83
2026-06,2034-01,91,accelerated_ai_load,498.09,96.0,113.69,-2.92,1.315,110.18,66.01,550585.24,1258.27,550615.24,550625.24,550635.24,550645.24,550655.24,550665.24,550675.24,550685.24,550695.24,550705.24,550715.24,550725.24,550735.24,550745.24,550755.24,550765.24,550775.24,550785.24,550795.24,550805.24,550815.24,550825.24,550835.24
2026-06,2034-02,92,accelerated_ai_load,501.66,96.0,112.52,2.32,1.329,110.78,65.34,558015.25,1264.57,558045.25,558055.25,558065.25,558075.25,558085.25,558095.25,558105.25,558115.25,558125.25,558135.25,558145.25,558155.25,558165.25,558175.25,558185.25,558195.25,558205.25,558215.25,558225.25,558235.25,558245.25,558255.25,558265.25
2026-06,2034-03,93,accelerated_ai_load,512.65,96.0,112.69,8.0,1.32,111.35,70.0,566621.16,1290.97,566651.16,566661.16,566671.16,566681.16,566691.16,566701.16,566711.16,566721.16,566731.16,566741.16,566751.16,566761.16,566771.16,566781.16,566791.16,566801.16,566811.16,566821.16,566831.16,566841.16,566851.16,566861.16,566871.16
2026-06,2034-04,94,accelerated_ai_load,508.64,96.0,114.03,14.34,1.322,110.54,67.58,565554.2,1282.81,565584.2,565594.2,565604.2,565614.2,565624.2,565634.2,565644.2,565654.2,565664.2,565674.2,565684.2,565694.2,565704.2,565714.2,565724.2,565734.2,565744.2,565754.2,565764.2,565774.2,565784.2,565794.2,565804.2
2026-06,2034-05,95,accelerated_ai_load,516.1,96.0,114.53,20.0,1.307,111.45,59.41,569295.62,1298.65,569325.62,569335.62,569345.62,569355.62,569365.62,569375.62,569385.62,569395.62,569405.62,569415.62,569425.62,569435.62,569445.62,569455.62,569465.62,569475.62,569485.62,569495.62,569505.62,569515.62,569525.62,569535.62,569545.62
2026-06,2034-06,96,accelerated_ai_load,511.81,96.0,115.28,23.24,1.397,111.98,64.43,599050.05,1354.66,599080.05,599090.05,599100.05,599110.05,599120.05,599130.05,599140.05,599150.05,599160.05,599170.05,599180.05,599190.05,599200.05,599210.05,599220.05,599230.05,599240.05,599250.05,599260.05,599270.05,599280.05,599290.05,599300.05
2026-06,2034-07,97,accelerated_ai_load,509.16,96.0,119.75,19.12,1.341,111.4,58.16,574605.05,1300.16,574635.05,574645.05,574655.05,574665.05,574675.05,574685.05,574695.05,574705.05,574715.05,574725.05,574735.05,574745.05,574755.05,574765.05,574775.05,574785.05,574795.05,574805.05,574815.05,574825.05,574835.05,574845.05,574855.05
2026-06,2034-08,98,accelerated_ai_load,520.37,96.0,118.72,15.27,1.314,110.79,57.85,574965.84,1304.2,574995.84,575005.84,575015.84,575025.84,575035.84,575045.84,575055.84,575065.84,575075.84,575085.84,575095.84,575105.84,575115.84,575125.84,575135.84,575145.84,575155.84,575165.84,575175.84,575185.84,575195.84,575205.84,575215.84
2026-06,2034-09,99,accelerated_ai_load,527.48,96.0,123.48,9.18,1.308,111.78,64.07,577522.54,1319.63,577552.54,577562.54,577572.54,577582.54,577592.54,577602.54,577612.54,577622.54,577632.54,577642.54,577652.54,577662.54,577672.54,577682.54,577692.54,577702.54,577712.54,577722.54,577732.54,577742.54,577752.54,577762.54,577772.54
2026-06,2034-10,100,accelerated_ai_load,529.74,96.0,123.62,2.65,1.312,111.94,63.16,580827.37,1313.63,580857.37,580867.37,580877.37,580887.37,580897.37,580907.37,580917.37,580927.37,580937.37,580947.37,580957.37,580967.37,580977.37,580987.37,580997.37,581007.37,581017.37,581027.37,581037.37,581047.37,581057.37,581067.37,581077.37
2026-06,2034-11,101,accelerated_ai_load,545.76,96.0,123.84,-2.98,1.301,111.57,62.79,587123.4,1349.74,587153.4,587163.4,587173.4,587183.4,587193.4,587203.4,587213.4,587223.4,587233.4,587243.4,587253.4,587263.4,587273.4,587283.4,587293.4,587303.4,587313.4,587323.4,587333.4,587343.4,587353.4,587363.4,587373.4
2026-06,2034-12,102,accelerated_ai_load,540.28,96.0,124.85,-4.2,1.324,112.41,66.99,594683.04,1366.53,594713.04,594723.04,594733.04,594743.04,594753.04,594763.04,594773.04,594783.04,594793.04,594803.04,594813.04,594823.04,594833.04,594843.04,594853.04,594863.04,594873.04,594883.04,594893.04,594903.04,594913.04,594923.04,594933.04
2026-06,2035-01,103,accelerated_ai_load,546.51,96.0,123.73,-4.47,1.315,111.95,67.66,598354.72,1369.82,598384.72,598394.72,598404.72,598414.72,598424.72,598434.72,598444.72,598454.72,598464.72,598474.72,598484.72,598494.72,598504.72,598514.72,598524.72,598534.72,598544.72,598554.72,598564.72,598574.72,598584.72,598594.72,598604.72
2026-06,2035-02,104,accelerated_ai_load,558.02,96.0,124.37,1.92,1.321,112.27,70.0,609951.21,1385.04,609981.21,609991.21,610001.21,610011.21,610021.21,610031.21,610041.21,610051.21,610061.21,610071.21,610081.21,610091.21,610101.21,610111.21,610121.21,610131.21,610141.21,610151.21,610161.21,610171.21,610181.21,610191.21,610201.21
2026-06,2035-03,105,accelerated_ai_load,563.92,96.0,122.96,7.43,1.31,112.18,70.0,613944.21,1400.8,613974.21,613984.21,613994.21,614004.21,614014.21,614024.21,614034.21,614044.21,614054.21,614064.21,614074.21,614084.21,614094.21,614104.21,614114.21,614124.21,614134.21,614144.21,614154.21,614164.21,614174.21,614184.21,614194.21
2026-06,2035-04,106,accelerated_ai_load,561.5,96.0,119.04,15.24,1.295,112.15,68.56,605197.75,1382.02,605227.75,605237.75,605247.75,605257.75,605267.75,605277.75,605287.75,605297.75,605307.75,605317.75,605327.75,605337.75,605347.75,605357.75,605367.75,605377.75,605387.75,605397.75,605407.75,605417.75,605427.75,605437.75,605447.75
2026-06,2035-05,107,accelerated_ai_load,559.77,96.0,120.66,18.92,1.314,112.79,66.93,615190.89,1397.84,615220.89,615230.89,615240.89,615250.89,615260.89,615270.89,615280.89,615290.89,615300.89,615310.89,615320.89,615330.89,615340.89,615350.89,615360.89,615370.89,615380.89,615390.89,615400.89,615410.89,615420.89,615430.89,615440.89
2026-06,2035-06,108,accelerated_ai_load,578.62,96.0,117.78,19.07,1.32,112.42,65.82,633274.11,1448.38,633304.11,633314.11,633324.11,633334.11,633344.11,633354.11,633364.11,633374.11,633384.11,633394.11,633404.11,633414.11,633424.11,633434.11,633444.11,633454.11,633464.11,633474.11,633484.11,633494.11,633504.11,633514.11,633524.11
2026-06,2035-07,109,accelerated_ai_load,576.38,96.0,114.78,17.83,1.315,112.61,62.95,631625.86,1442.98,631655.86,631665.86,631675.86,631685.86,631695.86,631705.86,631715.86,631725.86,631735.86,631745.86,631755.86,631765.86,631775.86,631785.86,631795.86,631805.86,631815.86,631825.86,631835.86,631845.86,631855.86,631865.86,631875.86
2026-06,2035-08,110,accelerated_ai_load,573.89,96.0,116.9,15.0,1.308,113.2,65.29,626949.61,1430.4,626979.61,626989.61,626999.61,627009.61,627019.61,627029.61,627039.61,627049.61,627059.61,627069.61,627079.61,627089.61,627099.61,627109.61,627119.61,627129.61,627139.61,627149.61,627159.61,627169.61,627179.61,627189.61,627199.61
2026-06,2035-09,111,accelerated_ai_load,583.4,96.0,116.91,8.26,1.328,113.06,63.46,636081.72,1442.69,636111.72,636121.72,636131.72,636141.72,636151.72,636161.72,636171.72,636181.72,636191.72,636201.72,636211.72,636221.72,636231.72,636241.72,636251.72,636261.72,636271.72,636281.72,636291.72,636301.72,636311.72,636321.72,636331.72
2026-06,2035-10,112,accelerated_ai_load,579.23,96.0,116.9,1.9,1.328,113.24,68.46,634448.15,1452.15,634478.15,634488.15,634498.15,634508.15,634518.15,634528.15,634538.15,634548.15,634558.15,634568.15,634578.15,634588.15,634598.15,634608.15,634618.15,634628.15,634638.15,634648.15,634658.15,634668.15,634678.15,634688.15,634698.15
2026-06,2035-11,113,accelerated_ai_load,586.07,96.0,119.49,-3.28,1.296,113.14,69.8,627484.08,1436.54,627514.08,627524.08,627534.08,627544.08,627554.08,627564.08,627574.08,627584.08,627594.08,627604.08,627614.08,627624.08,627634.08,627644.08,627654.08,627664.08,627674.08,627684.08,627694.08,627704.08,627714.08,627724.08,627734.08
2026-06,2035-12,114,accelerated_ai_load,601.23,96.0,119.92,-4.32,1.329,113.96,70.0,653177.75,1486.0,653207.75,653217.75,653227.75,653237.75,653247.75,653257.75,653267.75,653277.75,653287.75,653297.75,653307.75,653317.75,653327.75,653337.75,653347.75,653357.75,653367.75,653377.75,653387.75,653397.75,653407.75,653417.75,653427.75
2026-06,2036-01,115,accelerated_ai_load,597.14,96.0,122.33,-2.54,1.32,113.28,70.0,646872.77,1478.41,646902.77,646912.77,646922.77,646932.77,646942.77,646952.77,646962.77,646972.77,646982.77,646992.77,647002.77,647012.77,647022.77,647032.77,647042.77,647052.77,647062.77,647072.77,647082.77,647092.77,647102.77,647112.77,647122.77
2026-06,2036-02,116,accelerated_ai_load,600.59,96.0,122.95,0.93,1.328,113.76,70.0,655690.04,1500.66,655720.04,655730.04,655740.04,655750.04,655760.04,655770.04,655780.04,655790.04,655800.04,655810.04,655820.04,655830.04,655840.04,655850.04,655860.04,655870.04,655880.04,655890.04,655900.04,655910.04,655920.04,655930.04,655940.04
2026-06,2036-03,117,accelerated_ai_load,599.31,96.0,124.05,8.75,1.303,113.57,70.0,644980.41,1474.81,645010.41,645020.41,645030.41,645040.41,645050.41,645060.41,645070.41,645080.41,645090.41,645100.41,645110.41,645120.41,645130.41,645140.41,645150.41,645160.41,645170.41,645180.41,645190.41,645200.41,645210.41,645220.41,645230.41
2026-06,2036-04,118,accelerated_ai_load,602.25,96.0,126.13,14.72,1.311,113.83,70.0,653638.46,1478.17,653668.46,653678.46,653688.46,653698.46,653708.46,653718.46,653728.46,653738.46,653748.46,653758.46,653768.46,653778.46,653788.46,653798.46,653808.46,653818.46,653828.46,653838.46,653848.46,653858.46,653868.46,653878.46,653888.46
2026-06,2036-05,119,accelerated_ai_load,616.92,96.0,128.17,18.77,1.309,113.82,70.0,665589.13,1518.9,665619.13,665629.13,665639.13,665649.13,665659.13,665669.13,665679.13,665689.13,665699.13,665709.13,665719.13,665729.13,665739.13,665749.13,665759.13,665769.13,665779.13,665789.13,665799.13,665809.13,665819.13,665829.13,665839.13
2026-06,2036-06,120,accelerated_ai_load,622.03,96.0,129.03,20.94,1.318,114.1,70.0,674644.96,1534.76,674674.96,674684.96,674694.96,674704.96,674714.96,674724.96,674734.96,674744.96,674754.96,674764.96,674774.96,674784.96,674794.96,674804.96,674814.96,674824.96,674834.96,674844.96,674854.96,674864.96,674874.96,674884.96,674894.96
2026-06,2036-07,121,accelerated_ai_load,618.0,96.0,127.16,19.54,1.321,114.29,70.0,671344.91,1526.55,671374.91,671384.91,671394.91,671404.91,671414.91,671424.91,671434.91,671444.91,671454.91,671464.91,671474.91,671484.91,671494.91,671504.91,671514.91,671524.91,671534.91,671544.91,671554.91,671564.91,671574.91,671584.91,671594.91
2026-06,2036-08,122,accelerated_ai_load,627.51,96.0,125.97,13.66,1.32,114.38,68.85,681307.33,1563.71,681337.33,681347.33,681357.33,681367.33,681377.33,681387.33,681397.33,681407.33,681417.33,681427.33,681437.33,681447.33,681457.33,681467.33,681477.33,681487.33,681497.33,681507.33,681517.33,681527.33,681537.33,681547.33,681557.33
2026-06,2036-09,123,accelerated_ai_load,632.24,96.0,123.32,9.77,1.328,114.46,67.03,687860.83,1566.0,687890.83,687900.83,687910.83,687920.83,687930.83,687940.83,687950.83,687960.83,687970.83,687980.83,687990.83,688000.83,688010.83,688020.83,688030.83,688040.83,688050.83,688060.83,688070.83,688080.83,688090.83,688100.83,688110.83
2026-06,2036-10,124,accelerated_ai_load,634.19,96.0,124.14,2.08,1.307,114.07,70.0,678911.71,1543.95,678941.71,678951.71,678961.71,678971.71,678981.71,678991.71,679001.71,679011.71,679021.71,679031.71,679041.71,679051.71,679061.71,679071.71,679081.71,679091.71,679101.71,679111.71,679121.71,679131.71,679141.71,679151.71,679161.71
2026-06,2036-11,125,accelerated_ai_load,640.43,96.0,120.64,-2.32,1.317,114.63,70.0,685388.14,1568.69,685418.14,685428.14,685438.14,685448.14,685458.14,685468.14,685478.14,685488.14,685498.14,685508.14,685518.14,685528.14,685538.14,685548.14,685558.14,685568.14,685578.14,685588.14,685598.14,685608.14,685618.14,685628.14,685638.14
2026-06,2036-12,126,accelerated_ai_load,637.85,96.0,121.78,-4.02,1.314,115.45,70.0,683627.95,1564.88,683657.95,683667.95,683677.95,683687.95,683697.95,683707.95,683717.95,683727.95,683737.95,683747.95,683757.95,683767.95,683777.95,683787.95,683797.95,683807.95,683817.95,683827.95,683837.95,683847.95,683857.95,683867.95,683877.95
2026-06,2037-01,127,accelerated_ai_load,637.19,96.0,119.16,-4.46,1.319,114.91,70.0,684070.39,1566.38,684100.39,684110.39,684120.39,684130.39,684140.39,684150.39,684160.39,684170.39,684180.39,684190.39,684200.39,684210.39,684220.39,684230.39,684240.39,684250.39,684260.39,684270.39,684280.39,684290.39,684300.39,684310.39,684320.39
2026-06,2037-02,128,accelerated_ai_load,653.88,96.0,117.81,-0.31,1.306,114.66,70.0,696078.7,1600.23,696108.7,696118.7,696128.7,696138.7,696148.7,696158.7,696168.7,696178.7,696188.7,696198.7,696208.7,696218.7,696228.7,696238.7,696248.7,696258.7,696268.7,696278.7,696288.7,696298.7,696308.7,696318.7,696328.7
2026-06,2037-03,129,accelerated_ai_load,651.17,96.0,120.35,8.61,1.334,115.23,70.0,709375.71,1620.78,709405.71,709415.71,709425.71,709435.71,709445.71,709455.71,709465.71,709475.71,709485.71,709495.71,709505.71,709515.71,709525.71,709535.71,709545.71,709555.71,709565.71,709575.71,709585.71,709595.71,709605.71,709615.71,709625.71
2026-06,2037-04,130,accelerated_ai_load,670.33,96.0,119.53,14.23,1.306,115.48,70.0,716480.03,1644.7,716510.03,716520.03,716530.03,716540.03,716550.03,716560.03,716570.03,716580.03,716590.03,716600.03,716610.03,716620.03,716630.03,716640.03,716650.03,716660.03,716670.03,716680.03,716690.03,716700.03,716710.03,716720.03,716730.03
2026-06,2037-05,131,accelerated_ai_load,658.68,96.0,122.26,18.76,1.337,115.93,70.0,721233.09,1638.09,721263.09,721273.09,721283.09,721293.09,721303.09,721313.09,721323.09,721333.09,721343.09,721353.09,721363.09,721373.09,721383.09,721393.09,721403.09,721413.09,721423.09,721433.09,721443.09,721453.09,721463.09,721473.09,721483.09
2026-06,2037-06,132,accelerated_ai_load,659.41,96.0,123.36,21.76,1.335,115.22,70.0,720225.56,1647.79,720255.56,720265.56,720275.56,720285.56,720295.56,720305.56,720315.56,720325.56,720335.56,720345.56,720355.56,720365.56,720375.56,720385.56,720395.56,720405.56,720415.56,720425.56,720435.56,720445.56,720455.56,720465.56,720475.56
2026-06,2037-07,133,accelerated_ai_load,668.32,96.0,125.52,18.5,1.297,115.89,70.0,710164.1,1629.41,710194.1,710204.1,710214.1,710224.1,710234.1,710244.1,710254.1,710264.1,710274.1,710284.1,710294.1,710304.1,710314.1,710324.1,710334.1,710344.1,710354.1,710364.1,710374.1,710384.1,710394.1,710404.1,710414.1
2026-06,2037-08,134,accelerated_ai_load,675.92,96.0,127.16,14.66,1.325,115.19,67.91,730836.37,1674.49,730866.37,730876.37,730886.37,730896.37,730906.37,730916.37,730926.37,730936.37,730946.37,730956.37,730966.37,730976.37,730986.37,730996.37,731006.37,731016.37,731026.37,731036.37,731046.37,731056.37,731066.37,731076.37,731086.37
2026-06,2037-09,135,accelerated_ai_load,689.47,96.0,129.68,8.65,1.31,116.14,70.0,733034.42,1672.96,733064.42,733074.42,733084.42,733094.42,733104.42,733114.42,733124.42,733134.42,733144.42,733154.42,733164.42,733174.42,733184.42,733194.42,733204.42,733214.42,733224.42,733234.42,733244.42,733254.42,733264.42,733274.42,733284.42
2026-06,2037-10,136,accelerated_ai_load,692.64,96.0,129.94,0.3,1.322,115.47,70.0,743685.04,1698.06,743715.04,743725.04,743735.04,743745.04,743755.04,743765.04,743775.04,743785.04,743795.04,743805.04,743815.04,743825.04,743835.04,743845.04,743855.04,743865.04,743875.04,743885.04,743895.04,743905.04,743915.04,743925.04,743935.04
2026-06,2037-11,137,accelerated_ai_load,688.16,96.0,131.49,-3.94,1.325,115.23,70.0,737121.5,1670.24,737151.5,737161.5,737171.5,737181.5,737191.5,737201.5,737211.5,737221.5,737231.5,737241.5,737251.5,737261.5,737271.5,737281.5,737291.5,737301.5,737311.5,737321.5,737331.5,737341.5,737351.5,737361.5,737371.5
2026-06,2037-12,138,accelerated_ai_load,691.03,96.0,129.75,-5.0,1.312,116.3,70.0,735484.86,1676.3,735514.86,735524.86,735534.86,735544.86,735554.86,735564.86,735574.86,735584.86,735594.86,735604.86,735614.86,735624.86,735634.86,735644.86,735654.86,735664.86,735674.86,735684.86,735694.86,735704.86,735714.86,735724.86,735734.86
2026-06,2038-01,139,accelerated_ai_load,694.88,96.0,128.54,-3.2,1.326,116.59,70.0,744682.77,1699.32,744712.77,744722.77,744732.77,744742.77,744752.77,744762.77,744772.77,744782.77,744792.77,744802.77,744812.77,744822.77,744832.77,744842.77,744852.77,744862.77,744872.77,744882.77,744892.77,744902.77,744912.77,744922.77,744932.77
2026-06,2038-02,140,accelerated_ai_load,695.31,96.0,128.37,1.68,1.322,116.94,70.0,744567.95,1698.38,744597.95,744607.95,744617.95,744627.95,744637.95,744647.95,744657.95,744667.95,744677.95,744687.95,744697.95,744707.95,744717.95,744727.95,744737.95,744747.95,744757.95,744767.95,744777.95,744787.95,744797.95,744807.95,744817.95
2026-06,2038-03,141,accelerated_ai_load,703.11,96.0,127.12,8.36,1.315,116.08,70.0,752873.16,1721.05,752903.16,752913.16,752923.16,752933.16,752943.16,752953.16,752963.16,752973.16,752983.16,752993.16,753003.16,753013.16,753023.16,753033.16,753043.16,753053.16,753063.16,753073.16,753083.16,753093.16,753103.16,753113.16,753123.16
2026-06,2038-04,142,accelerated_ai_load,707.15,96.0,126.14,14.67,1.305,116.8,70.0,749200.45,1707.76,749230.45,749240.45,749250.45,749260.45,749270.45,749280.45,749290.45,749300.45,749310.45,749320.45,749330.45,749340.45,749350.45,749360.45,749370.45,749380.45,749390.45,749400.45,749410.45,749420.45,749430.45,749440.45,749450.45
2026-06,2038-05,143,accelerated_ai_load,708.74,96.0,125.28,18.32,1.31,117.53,70.0,757841.44,1731.92,757871.44,757881.44,757891.44,757901.44,757911.44,757921.44,757931.44,757941.44,757951.44,757961.44,757971.44,757981.44,757991.44,758001.44,758011.44,758021.44,758031.44,758041.44,758051.44,758061.44,758071.44,758081.44,758091.44
2026-06,2038-06,144,accelerated_ai_load,722.76,96.0,124.19,22.29,1.348,117.39,70.0,791510.7,1797.22,791540.7,791550.7,791560.7,791570.7,791580.7,791590.7,791600.7,791610.7,791620.7,791630.7,791640.7,791650.7,791660.7,791670.7,791680.7,791690.7,791700.7,791710.7,791720.7,791730.7,791740.7,791750.7,791760.7
2026-06,2038-07,145,accelerated_ai_load,714.96,96.0,122.17,19.72,1.321,116.24,70.0,767965.44,1757.97,767995.44,768005.44,768015.44,768025.44,768035.44,768045.44,768055.44,768065.44,768075.44,768085.44,768095.44,768105.44,768115.44,768125.44,768135.44,768145.44,768155.44,768165.44,768175.44,768185.44,768195.44,768205.44,768215.44
2026-06,2038-08,146,accelerated_ai_load,727.4,96.0,120.68,16.9,1.303,117.22,70.0,768783.78,1754.34,768813.78,768823.78,768833.78,768843.78,768853.78,768863.78,768873.78,768883.78,768893.78,768903.78,768913.78,768923.78,768933.78,768943.78,768953.78,768963.78,768973.78,768983.78,768993.78,769003.78,769013.78,769023.78,769033.78
2026-06,2038-09,147,accelerated_ai_load,732.33,96.0,122.23,7.9,1.311,117.07,70.0,775081.23,1775.19,775111.23,775121.23,775131.23,775141.23,775151.23,775161.23,775171.23,775181.23,775191.23,775201.23,775211.23,775221.23,775231.23,775241.23,775251.23,775261.23,775271.23,775281.23,775291.23,775301.23,775311.23,775321.23,775331.23
2026-06,2038-10,148,accelerated_ai_load,730.29,96.0,122.08,1.36,1.321,117.35,70.0,778646.51,1787.23,778676.51,778686.51,778696.51,778706.51,778716.51,778726.51,778736.51,778746.51,778756.51,778766.51,778776.51,778786.51,778796.51,778806.51,778816.51,778826.51,778836.51,778846.51,778856.51,778866.51,778876.51,778886.51,778896.51
2026-06,2038-11,149,accelerated_ai_load,733.82,96.0,124.38,-3.65,1.316,117.51,70.0,776705.12,1779.97,776735.12,776745.12,776755.12,776765.12,776775.12,776785.12,776795.12,776805.12,776815.12,776825.12,776835.12,776845.12,776855.12,776865.12,776875.12,776885.12,776895.12,776905.12,776915.12,776925.12,776935.12,776945.12,776955.12
2026-06,2038-12,150,accelerated_ai_load,740.74,96.0,125.64,-3.78,1.307,117.25,70.0,778486.75,1792.44,778516.75,778526.75,778536.75,778546.75,778556.75,778566.75,778576.75,778586.75,778596.75,778606.75,778616.75,778626.75,778636.75,778646.75,778656.75,778666.75,778676.75,778686.75,778696.75,778706.75,778716.75,778726.75,778736.75
2026-06,2039-01,151,accelerated_ai_load,750.39,96.0,128.12,-4.34,1.318,117.83,70.0,793708.17,1824.97,793738.17,793748.17,793758.17,793768.17,793778.17,793788.17,793798.17,793808.17,793818.17,793828.17,793838.17,793848.17,793858.17,793868.17,793878.17,793888.17,793898.17,793908.17,793918.17,793928.17,793938.17,793948.17,793958.17
2026-06,2039-02,152,accelerated_ai_load,750.94,96.0,130.61,2.2,1.309,117.72,70.0,791642.61,1814.94,791672.61,791682.61,791692.61,791702.61,791712.61,791722.61,791732.61,791742.61,791752.61,791762.61,791772.61,791782.61,791792.61,791802.61,791812.61,791822.61,791832.61,791842.61,791852.61,791862.61,791872.61,791882.61,791892.61
2026-06,2039-03,153,accelerated_ai_load,756.34,96.0,131.93,8.34,1.326,117.99,70.0,806054.57,1844.13,806084.57,806094.57,806104.57,806114.57,806124.57,806134.57,806144.57,806154.57,806164.57,806174.57,806184.57,806194.57,806204.57,806214.57,806224.57,806234.57,806244.57,806254.57,806264.57,806274.57,806284.57,806294.57,806304.57
2026-06,2039-04,154,accelerated_ai_load,757.33,96.0,132.46,13.36,1.307,117.59,70.0,798695.73,1829.49,798725.73,798735.73,798745.73,798755.73,798765.73,798775.73,798785.73,798795.73,798805.73,798815.73,798825.73,798835.73,798845.73,798855.73,798865.73,798875.73,798885.73,798895.73,798905.73,798915.73,798925.73,798935.73,798945.73
2026-06,2039-05,155,accelerated_ai_load,766.91,96.0,132.52,18.86,1.335,118.96,70.0,823937.52,1876.95,823967.52,823977.52,823987.52,823997.52,824007.52,824017.52,824027.52,824037.52,824047.52,824057.52,824067.52,824077.52,824087.52,824097.52,824107.52,824117.52,824127.52,824137.52,824147.52,824157.52,824167.52,824177.52,824187.52
2026-06,2039-06,156,accelerated_ai_load,768.52,96.0,132.3,20.46,1.324,118.52,70.0,821792.3,1873.67,821822.3,821832.3,821842.3,821852.3,821862.3,821872.3,821882.3,821892.3,821902.3,821912.3,821922.3,821932.3,821942.3,821952.3,821962.3,821972.3,821982.3,821992.3,822002.3,822012.3,822022.3,822032.3,822042.3
2026-06,2039-07,157,accelerated_ai_load,773.15,96.0,131.9,18.8,1.325,118.44,70.0,825884.78,1893.57,825914.78,825924.78,825934.78,825944.78,825954.78,825964.78,825974.78,825984.78,825994.78,826004.78,826014.78,826024.78,826034.78,826044.78,826054.78,826064.78,826074.78,826084.78,826094.78,826104.78,826114.78,826124.78,826134.78
2026-06,2039-08,158,accelerated_ai_load,771.17,96.0,131.29,15.02,1.314,118.99,70.0,814237.58,1853.64,814267.58,814277.58,814287.58,814297.58,814307.58,814317.58,814327.58,814337.58,814347.58,814357.58,814367.58,814377.58,814387.58,814397.58,814407.58,814417.58,814427.58,814437.58,814447.58,814457.58,814467.58,814477.58,814487.58
2026-06,2039-09,159,accelerated_ai_load,783.05,96.0,131.68,7.46,1.322,119.25,70.0,831397.8,1901.31,831427.8,831437.8,831447.8,831457.8,831467.8,831477.8,831487.8,831497.8,831507.8,831517.8,831527.8,831537.8,831547.8,831557.8,831567.8,831577.8,831587.8,831597.8,831607.8,831617.8,831627.8,831637.8,831647.8
2026-06,2039-10,160,accelerated_ai_load,788.03,96.0,128.79,4.08,1.31,118.9,70.0,824473.64,1893.7,824503.64,824513.64,824523.64,824533.64,824543.64,824553.64,824563.64,824573.64,824583.64,824593.64,824603.64,824613.64,824623.64,824633.64,824643.64,824653.64,824663.64,824673.64,824683.64,824693.64,824703.64,824713.64,824723.64
2026-06,2039-11,161,accelerated_ai_load,782.88,96.0,128.82,-5.78,1.322,118.8,70.0,827931.7,1896.83,827961.7,827971.7,827981.7,827991.7,828001.7,828011.7,828021.7,828031.7,828041.7,828051.7,828061.7,828071.7,828081.7,828091.7,828101.7,828111.7,828121.7,828131.7,828141.7,828151.7,828161.7,828171.7,828181.7
2026-06,2039-12,162,accelerated_ai_load,791.68,96.0,125.75,-6.0,1.337,118.96,70.0,847179.33,1943.84,847209.33,847219.33,847229.33,847239.33,847249.33,847259.33,847269.33,847279.33,847289.33,847299.33,847309.33,847319.33,847329.33,847339.33,847349.33,847359.33,847369.33,847379.33,847389.33,847399.33,847409.33,847419.33,847429.33
2026-06,2040-01,163,accelerated_ai_load,801.72,96.0,124.84,-1.77,1.325,118.9,70.0,847661.63,1937.95,847691.63,847701.63,847711.63,847721.63,847731.63,847741.63,847751.63,847761.63,847771.63,847781.63,847791.63,847801.63,847811.63,847821.63,847831.63,847841.63,847851.63,847861.63,847871.63,847881.63,847891.63,847901.63,847911.63
2026-06,2040-02,164,accelerated_ai_load,803.12,96.0,123.42,1.78,1.321,118.1,70.0,847536.8,1938.3,847566.8,847576.8,847586.8,847596.8,847606.8,847616.8,847626.8,847636.8,847646.8,847656.8,847666.8,847676.8,847686.8,847696.8,847706.8,847716.8,847726.8,847736.8,847746.8,847756.8,847766.8,847776.8,847786.8
2026-06,2040-03,165,accelerated_ai_load,813.17,96.0,126.35,8.49,1.296,119.74,70.0,844896.21,1935.98,844926.21,844936.21,844946.21,844956.21,844966.21,844976.21,844986.21,844996.21,845006.21,845016.21,845026.21,845036.21,845046.21,845056.21,845066.21,845076.21,845086.21,845096.21,845106.21,845116.21,845126.21,845136.21,845146.21
2026-06,2040-04,166,accelerated_ai_load,819.3,96.0,125.79,15.07,1.323,119.55,70.0,869079.97,1999.83,869109.97,869119.97,869129.97,869139.97,869149.97,869159.97,869169.97,869179.97,869189.97,869199.97,869209.97,869219.97,869229.97,869239.97,869249.97,869259.97,869269.97,869279.97,869289.97,869299.97,869309.97,869319.97,869329.97
2026-06,2040-05,167,accelerated_ai_load,812.0,96.0,128.5,20.06,1.313,120.73,70.0,859697.43,1960.21,859727.43,859737.43,859747.43,859757.43,859767.43,859777.43,859787.43,859797.43,859807.43,859817.43,859827.43,859837.43,859847.43,859857.43,859867.43,859877.43,859887.43,859897.43,859907.43,859917.43,859927.43,859937.43,859947.43
2026-06,2040-06,168,accelerated_ai_load,821.35,96.0,127.92,22.24,1.362,120.09,70.0,896891.58,2041.71,896921.58,896931.58,896941.58,896951.58,896961.58,896971.58,896981.58,896991.58,897001.58,897011.58,897021.58,897031.58,897041.58,897051.58,897061.58,897071.58,897081.58,897091.58,897101.58,897111.58,897121.58,897131.58,897141.58
2026-06,2040-07,169,accelerated_ai_load,823.07,96.0,129.17,20.4,1.328,120.06,70.0,878273.59,2020.87,878303.59,878313.59,878323.59,878333.59,878343.59,878353.59,878363.59,878373.59,878383.59,878393.59,878403.59,878413.59,878423.59,878433.59,878443.59,878453.59,878463.59,878473.59,878483.59,878493.59,878503.59,878513.59,878523.59
2026-06,2040-08,170,accelerated_ai_load,834.1,96.0,131.8,13.49,1.33,120.18,70.0,887353.83,2039.23,887383.83,887393.83,887403.83,887413.83,887423.83,887433.83,887443.83,887453.83,887463.83,887473.83,887483.83,887493.83,887503.83,887513.83,887523.83,887533.83,887543.83,887553.83,887563.83,887573.83,887583.83,887593.83,887603.83
2026-06,2040-09,171,accelerated_ai_load,838.34,96.0,133.1,8.94,1.317,119.78,70.0,881766.6,2035.24,881796.6,881806.6,881816.6,881826.6,881836.6,881846.6,881856.6,881866.6,881876.6,881886.6,881896.6,881906.6,881916.6,881926.6,881936.6,881946.6,881956.6,881966.6,881976.6,881986.6,881996.6,882006.6,882016.6
2026-06,2040-10,172,accelerated_ai_load,833.65,96.0,132.98,2.05,1.322,120.22,70.0,877118.03,2006.3,877148.03,877158.03,877168.03,877178.03,877188.03,877198.03,877208.03,877218.03,877228.03,877238.03,877248.03,877258.03,877268.03,877278.03,877288.03,877298.03,877308.03,877318.03,877328.03,877338.03,877348.03,877358.03,877368.03
2026-06,2040-11,173,accelerated_ai_load,840.9,96.0,135.19,-3.44,1.313,120.8,70.0,879518.37,2015.26,879548.37,879558.37,879568.37,879578.37,879588.37,879598.37,879608.37,879618.37,879628.37,879638.37,879648.37,879658.37,879668.37,879678.37,879688.37,879698.37,879708.37,879718.37,879728.37,879738.37,879748.37,879758.37,879768.37
2026-06,2040-12,174,accelerated_ai_load,844.04,96.0,135.52,-5.88,1.327,120.49,70.0,892638.39,2037.26,892668.39,892678.39,892688.39,892698.39,892708.39,892718.39,892728.39,892738.39,892748.39,892758.39,892768.39,892778.39,892788.39,892798.39,892808.39,892818.39,892828.39,892838.39,892848.39,892858.39,892868.39,892878.39,892888.39
2026-06,2041-01,175,accelerated_ai_load,852.26,96.0,136.91,-2.71,1.32,120.31,70.0,891951.55,2031.29,891981.55,891991.55,892001.55,892011.55,892021.55,892031.55,892041.55,892051.55,892061.55,892071.55,892081.55,892091.55,892101.55,892111.55,892121.55,892131.55,892141.55,892151.55,892161.55,892171.55,892181.55,892191.55,892201.55
2026-06,2041-02,176,accelerated_ai_load,852.99,96.0,135.51,0.26,1.311,120.77,70.0,890538.94,2055.06,890568.94,890578.94,890588.94,890598.94,890608.94,890618.94,890628.94,890638.94,890648.94,890658.94,890668.94,890678.94,890688.94,890698.94,890708.94,890718.94,890728.94,890738.94,890748.94,890758.94,890768.94,890778.94,890788.94
2026-06,2041-03,177,accelerated_ai_load,866.66,96.0,136.04,10.08,1.331,120.46,70.0,919647.64,2112.9,919677.64,919687.64,919697.64,919707.64,919717.64,919727.64,919737.64,919747.64,919757.64,919767.64,919777.64,919787.64,919797.64,919807.64,919817.64,919827.64,919837.64,919847.64,919857.64,919867.64,919877.64,919887.64,919897.64
2026-06,2041-04,178,accelerated_ai_load,857.13,96.0,132.1,15.29,1.303,121.04,70.0,891832.4,2047.25,891862.4,891872.4,891882.4,891892.4,891902.4,891912.4,891922.4,891932.4,891942.4,891952.4,891962.4,891972.4,891982.4,891992.4,892002.4,892012.4,892022.4,892032.4,892042.4,892052.4,892062.4,892072.4,892082.4
2026-06,2041-05,179,accelerated_ai_load,864.31,96.0,131.26,16.38,1.315,122.13,70.0,909251.33,2076.66,909281.33,909291.33,909301.33,909311.33,909321.33,909331.33,909341.33,909351.33,909361.33,909371.33,909381.33,909391.33,909401.33,909411.33,909421.33,909431.33,909441.33,909451.33,909461.33,909471.33,909481.33,909491.33,909501.33
2026-06,2041-06,180,accelerated_ai_load,871.53,96.0,130.69,21.41,1.359,121.09,70.0,943703.86,2154.67,943733.86,943743.86,943753.86,943763.86,943773.86,943783.86,943793.86,943803.86,943813.86,943823.86,943833.86,943843.86,943853.86,943863.86,943873.86,943883.86,943893.86,943903.86,943913.86,943923.86,943933.86,943943.86,943953.86
2026-06,2041-07,181,accelerated_ai_load,865.76,96.0,129.19,18.0,1.342,122.05,70.0,926188.4,2124.77,926218.4,926228.4,926238.4,926248.4,926258.4,926268.4,926278.4,926288.4,926298.4,926308.4,926318.4,926328.4,926338.4,926348.4,926358.4,926368.4,926378.4,926388.4,926398.4,926408.4,926418.4,926428.4,926438.4
2026-06,2041-08,182,accelerated_ai_load,883.28,96.0,128.56,15.0,1.319,121.55,70.0,928074.93,2133.49,928104.93,928114.93,928124.93,928134.93,928144.93,928154.93,928164.93,928174.93,928184.93,928194.93,928204.93,928214.93,928224.93,928234.93,928244.93,928254.93,928264.93,928274.93,928284.93,928294.93,928304.93,928314.93,928324.93
2026-06,2041-09,183,accelerated_ai_load,884.57,96.0,125.07,8.66,1.324,121.72,70.0,929585.96,2127.65,929615.96,929625.96,929635.96,929645.96,929655.96,929665.96,929675.96,929685.96,929695.96,929705.96,929715.96,929725.96,929735.96,929745.96,929755.96,929765.96,929775.96,929785.96,929795.96,929805.96,929815.96,929825.96,929835.96
2026-06,2041-10,184,accelerated_ai_load,886.97,96.0,128.08,1.62,1.331,122.26,70.0,935764.08,2145.16,935794.08,935804.08,935814.08,935824.08,935834.08,935844.08,935854.08,935864.08,935874.08,935884.08,935894.08,935904.08,935914.08,935924.08,935934.08,935944.08,935954.08,935964.08,935974.08,935984.08,935994.08,936004.08,936014.08
2026-06,2041-11,185,accelerated_ai_load,891.94,96.0,129.3,-2.1,1.32,121.91,70.0,932825.62,2138.84,932855.62,932865.62,932875.62,932885.62,932895.62,932905.62,932915.62,932925.62,932935.62,932945.62,932955.62,932965.62,932975.62,932985.62,932995.62,933005.62,933015.62,933025.62,933035.62,933045.62,933055.62,933065.62,933075.62
2026-06,2041-12,186,accelerated_ai_load,898.79,96.0,130.77,-4.3,1.314,121.91,70.0,931362.01,2134.05,931392.01,931402.01,931412.01,931422.01,931432.01,931442.01,931452.01,931462.01,931472.01,931482.01,931492.01,931502.01,931512.01,931522.01,931532.01,931542.01,931552.01,931562.01,931572.01,931582.01,931592.01,931602.01,931612.01
2026-06,2042-01,187,accelerated_ai_load,911.31,96.0,133.94,-4.48,1.334,122.07,70.0,960476.46,2212.89,960506.46,960516.46,960526.46,960536.46,960546.46,960556.46,960566.46,960576.46,960586.46,960596.46,960606.46,960616.46,960626.46,960636.46,960646.46,960656.46,960666.46,960676.46,960686.46,960696.46,960706.46,960716.46,960726.46
2026-06,2042-02,188,accelerated_ai_load,900.4,96.0,135.36,-0.44,1.3,121.6,70.0,928647.24,2132.64,928677.24,928687.24,928697.24,928707.24,928717.24,928727.24,928737.24,928747.24,928757.24,928767.24,928777.24,928787.24,928797.24,928807.24,928817.24,928827.24,928837.24,928847.24,928857.24,928867.24,928877.24,928887.24,928897.24
2026-06,2042-03,189,accelerated_ai_load,904.54,96.0,136.26,8.27,1.295,121.91,70.0,933901.24,2144.21,933931.24,933941.24,933951.24,933961.24,933971.24,933981.24,933991.24,934001.24,934011.24,934021.24,934031.24,934041.24,934051.24,934061.24,934071.24,934081.24,934091.24,934101.24,934111.24,934121.24,934131.24,934141.24,934151.24
2026-06,2042-04,190,accelerated_ai_load,909.4,96.0,137.13,15.16,1.297,122.45,70.0,941554.73,2163.79,941584.73,941594.73,941604.73,941614.73,941624.73,941634.73,941644.73,941654.73,941664.73,941674.73,941684.73,941694.73,941704.73,941714.73,941724.73,941734.73,941744.73,941754.73,941764.73,941774.73,941784.73,941794.73,941804.73
2026-06,2042-05,191,accelerated_ai_load,911.67,96.0,138.71,18.89,1.322,122.79,70.0,958554.79,2197.6,958584.79,958594.79,958604.79,958614.79,958624.79,958634.79,958644.79,958654.79,958664.79,958674.79,958684.79,958694.79,958704.79,958714.79,958724.79,958734.79,958744.79,958754.79,958764.79,958774.79,958784.79,958794.79,958804.79
2026-06,2042-06,192,accelerated_ai_load,913.35,96.0,139.89,21.49,1.343,123.04,70.0,975075.77,2217.74,975105.77,975115.77,975125.77,975135.77,975145.77,975155.77,975165.77,975175.77,975185.77,975195.77,975205.77,975215.77,975225.77,975235.77,975245.77,975255.77,975265.77,975275.77,975285.77,975295.77,975305.77,975315.77,975325.77
2026-06,2042-07,193,accelerated_ai_load,919.42,96.0,138.11,18.3,1.297,122.81,70.0,951539.3,2183.69,951569.3,951579.3,951589.3,951599.3,951609.3,951619.3,951629.3,951639.3,951649.3,951659.3,951669.3,951679.3,951689.3,951699.3,951709.3,951719.3,951729.3,951739.3,951749.3,951759.3,951769.3,951779.3,951789.3
2026-06,2042-08,194,accelerated_ai_load,937.21,96.0,136.92,15.38,1.332,123.32,70.0,987761.14,2276.29,987791.14,987801.14,987811.14,987821.14,987831.14,987841.14,987851.14,987861.14,987871.14,987881.14,987891.14,987901.14,987911.14,987921.14,987931.14,987941.14,987951.14,987961.14,987971.14,987981.14,987991.14,988001.14,988011.14
2026-06,2042-09,195,accelerated_ai_load,931.66,96.0,135.22,8.31,1.331,122.69,70.0,982320.22,2256.89,982350.22,982360.22,982370.22,982380.22,982390.22,982400.22,982410.22,982420.22,982430.22,982440.22,982450.22,982460.22,982470.22,982480.22,982490.22,982500.22,982510.22,982520.22,982530.22,982540.22,982550.22,982560.22,982570.22
2026-06,2042-10,196,accelerated_ai_load,938.32,96.0,134.5,1.07,1.324,122.72,70.0,979981.15,2246.07,980011.15,980021.15,980031.15,980041.15,980051.15,980061.15,980071.15,980081.15,980091.15,980101.15,980111.15,980121.15,980131.15,980141.15,980151.15,980161.15,980171.15,980181.15,980191.15,980201.15,980211.15,980221.15,980231.15
2026-06,2042-11,197,accelerated_ai_load,940.17,96.0,132.78,-4.59,1.311,123.63,70.0,972810.37,2233.18,972840.37,972850.37,972860.37,972870.37,972880.37,972890.37,972900.37,972910.37,972920.37,972930.37,972940.37,972950.37,972960.37,972970.37,972980.37,972990.37,973000.37,973010.37,973020.37,973030.37,973040.37,973050.37,973060.37
2026-06,2042-12,198,accelerated_ai_load,944.59,96.0,131.88,-5.11,1.312,123.14,70.0,978306.76,2246.64,978336.76,978346.76,978356.76,978366.76,978376.76,978386.76,978396.76,978406.76,978416.76,978426.76,978436.76,978446.76,978456.76,978466.76,978476.76,978486.76,978496.76,978506.76,978516.76,978526.76,978536.76,978546.76,978556.76
2026-06,2043-01,199,accelerated_ai_load,948.23,96.0,130.73,-3.02,1.314,123.65,70.0,982585.43,2251.1,982615.43,982625.43,982635.43,982645.43,982655.43,982665.43,982675.43,982685.43,982695.43,982705.43,982715.43,982725.43,982735.43,982745.43,982755.43,982765.43,982775.43,982785.43,982795.43,982805.43,982815.43,982825.43,982835.43
2026-06,2043-02,200,accelerated_ai_load,954.4,96.0,132.14,2.22,1.314,123.76,70.0,988817.27,2272.66,988847.27,988857.27,988867.27,988877.27,988887.27,988897.27,988907.27,988917.27,988927.27,988937.27,988947.27,988957.27,988967.27,988977.27,988987.27,988997.27,989007.27,989017.27,989027.27,989037.27,989047.27,989057.27,989067.27
2026-06,2043-03,201,accelerated_ai_load,963.52,96.0,129.39,7.19,1.312,123.64,70.0,999057.06,2297.88,999087.06,999097.06,999107.06,999117.06,999127.06,999137.06,999147.06,999157.06,999167.06,999177.06,999187.06,999197.06,999207.06,999217.06,999227.06,999237.06,999247.06,999257.06,999267.06,999277.06,999287.06,999297.06,999307.06
2026-06,2043-04,202,accelerated_ai_load,970.09,96.0,130.12,15.72,1.305,123.52,70.0,1002975.91,2292.6,1003005.91,1003015.91,1003025.91,1003035.91,1003045.91,1003055.91,1003065.91,1003075.91,1003085.91,1003095.91,1003105.91,1003115.91,1003125.91,1003135.91,1003145.91,1003155.91,1003165.91,1003175.91,1003185.91,1003195.91,1003205.91,1003215.91,1003225.91
2026-06,2043-05,203,accelerated_ai_load,969.59,96.0,132.51,19.0,1.33,123.63,70.0,1020444.15,2339.4,1020474.15,1020484.15,1020494.15,1020504.15,1020514.15,1020524.15,1020534.15,1020544.15,1020554.15,1020564.15,1020574.15,1020584.15,1020594.15,1020604.15,1020614.15,1020624.15,1020634.15,1020644.15,1020654.15,1020664.15,1020674.15,1020684.15,1020694.15
2026-06,2043-06,204,accelerated_ai_load,968.07,96.0,133.96,20.08,1.303,124.27,70.0,999030.2,2296.05,999060.2,999070.2,999080.2,999090.2,999100.2,999110.2,999120.2,999130.2,999140.2,999150.2,999160.2,999170.2,999180.2,999190.2,999200.2,999210.2,999220.2,999230.2,999240.2,999250.2,999260.2,999270.2,999280.2
2026-06,2043-07,205,accelerated_ai_load,970.67,96.0,136.11,19.47,1.307,124.08,70.0,1006464.03,2314.32,1006494.03,1006504.03,1006514.03,1006524.03,1006534.03,1006544.03,1006554.03,1006564.03,1006574.03,1006584.03,1006594.03,1006604.03,1006614.03,1006624.03,1006634.03,1006644.03,1006654.03,1006664.03,1006674.03,1006684.03,1006694.03,1006704.03,1006714.03
2026-06,2043-08,206,accelerated_ai_load,978.24,96.0,140.12,15.57,1.321,124.82,70.0,1019822.45,2340.83,1019852.45,1019862.45,1019872.45,1019882.45,1019892.45,1019902.45,1019912.45,1019922.45,1019932.45,1019942.45,1019952.45,1019962.45,1019972.45,1019982.45,1019992.45,1020002.45,1020012.45,1020022.45,1020032.45,1020042.45,1020052.45,1020062.45,1020072.45
2026-06,2043-09,207,accelerated_ai_load,984.45,96.0,140.76,7.99,1.308,123.65,70.0,1016538.54,2338.52,1016568.54,1016578.54,1016588.54,1016598.54,1016608.54,1016618.54,1016628.54,1016638.54,1016648.54,1016658.54,1016668.54,1016678.54,1016688.54,1016698.54,1016708.54,1016718.54,1016728.54,1016738.54,1016748.54,1016758.54,1016768.54,1016778.54,1016788.54
2026-06,2043-10,208,accelerated_ai_load,988.46,96.0,138.46,1.69,1.3,125.07,70.0,1012426.67,2340.26,1012456.67,1012466.67,1012476.67,1012486.67,1012496.67,1012506.67,1012516.67,1012526.67,1012536.67,1012546.67,1012556.67,1012566.67,1012576.67,1012586.67,1012596.67,1012606.67,1012616.67,1012626.67,1012636.67,1012646.67,1012656.67,1012666.67,1012676.67
2026-06,2043-11,209,accelerated_ai_load,988.96,96.0,140.39,-3.91,1.314,124.92,70.0,1020179.11,2349.79,1020209.11,1020219.11,1020229.11,1020239.11,1020249.11,1020259.11,1020269.11,1020279.11,1020289.11,1020299.11,1020309.11,1020319.11,1020329.11,1020339.11,1020349.11,1020359.11,1020369.11,1020379.11,1020389.11,1020399.11,1020409.11,1020419.11,1020429.11
2026-06,2043-12,210,accelerated_ai_load,986.52,96.0,142.58,-4.84,1.304,124.87,70.0,1012428.69,2332.51,1012458.69,1012468.69,1012478.69,1012488.69,1012498.69,1012508.69,1012518.69,1012528.69,1012538.69,1012548.69,1012558.69,1012568.69,1012578.69,1012588.69,1012598.69,1012608.69,1012618.69,1012628.69,1012638.69,1012648.69,1012658.69,1012668.69,1012678.69
2026-06,2044-01,211,accelerated_ai_load,996.79,96.0,141.58,-3.61,1.308,125.36,70.0,1024125.7,2349.39,1024155.7,1024165.7,1024175.7,1024185.7,1024195.7,1024205.7,1024215.7,1024225.7,1024235.7,1024245.7,1024255.7,1024265.7,1024275.7,1024285.7,1024295.7,1024305.7,1024315.7,1024325.7,1024335.7,1024345.7,1024355.7,1024365.7,1024375.7
2026-06,2044-02,212,accelerated_ai_load,995.66,96.0,141.24,2.57,1.331,125.29,70.0,1042687.28,2389.07,1042717.28,1042727.28,1042737.28,1042747.28,1042757.28,1042767.28,1042777.28,1042787.28,1042797.28,1042807.28,1042817.28,1042827.28,1042837.28,1042847.28,1042857.28,1042867.28,1042877.28,1042887.28,1042897.28,1042907.28,1042917.28,1042927.28,1042937.28
2026-06,2044-03,213,accelerated_ai_load,1001.34,96.0,139.75,8.31,1.301,126.23,70.0,1026117.99,2368.4,1026147.99,1026157.99,1026167.99,1026177.99,1026187.99,1026197.99,1026207.99,1026217.99,1026227.99,1026237.99,1026247.99,1026257.99,1026267.99,1026277.99,1026287.99,1026297.99,1026307.99,1026317.99,1026327.99,1026337.99,1026347.99,1026357.99,1026367.99
2026-06,2044-04,214,accelerated_ai_load,1013.45,96.0,137.17,13.2,1.332,125.56,70.0,1060460.72,2426.01,1060490.72,1060500.72,1060510.72,1060520.72,1060530.72,1060540.72,1060550.72,1060560.72,1060570.72,1060580.72,1060590.72,1060600.72,1060610.72,1060620.72,1060630.72,1060640.72,1060650.72,1060660.72,1060670.72,1060680.72,1060690.72,1060700.72,1060710.72
2026-06,2044-05,215,accelerated_ai_load,1014.03,96.0,135.05,20.58,1.337,124.85,70.0,1068225.43,2454.51,1068255.43,1068265.43,1068275.43,1068285.43,1068295.43,1068305.43,1068315.43,1068325.43,1068335.43,1068345.43,1068355.43,1068365.43,1068375.43,1068385.43,1068395.43,1068405.43,1068415.43,1068425.43,1068435.43,1068445.43,1068455.43,1068465.43,1068475.43
2026-06,2044-06,216,accelerated_ai_load,1021.12,96.0,134.39,20.13,1.319,125.91,70.0,1066318.58,2436.96,1066348.58,1066358.58,1066368.58,1066378.58,1066388.58,1066398.58,1066408.58,1066418.58,1066428.58,1066438.58,1066448.58,1066458.58,1066468.58,1066478.58,1066488.58,1066498.58,1066508.58,1066518.58,1066528.58,1066538.58,1066548.58,1066558.58,1066568.58
2026-06,2044-07,217,accelerated_ai_load,1033.41,96.0,133.2,19.38,1.328,125.34,70.0,1080636.15,2479.72,1080666.15,1080676.15,1080686.15,1080696.15,1080706.15,1080716.15,1080726.15,1080736.15,1080746.15,1080756.15,1080766.15,1080776.15,1080786.15,1080796.15,1080806.15,1080816.15,1080826.15,1080836.15,1080846.15,1080856.15,1080866.15,1080876.15,1080886.15
2026-06,2044-08,218,accelerated_ai_load,1025.44,96.0,132.96,14.62,1.302,125.49,70.0,1052927.84,2426.45,1052957.84,1052967.84,1052977.84,1052987.84,1052997.84,1053007.84,1053017.84,1053027.84,1053037.84,1053047.84,1053057.84,1053067.84,1053077.84,1053087.84,1053097.84,1053107.84,1053117.84,1053127.84,1053137.84,1053147.84,1053157.84,1053167.84,1053177.84
2026-06,2044-09,219,accelerated_ai_load,1025.02,96.0,133.36,9.37,1.327,125.74,70.0,1070630.99,2459.24,1070660.99,1070670.99,1070680.99,1070690.99,1070700.99,1070710.99,1070720.99,1070730.99,1070740.99,1070750.99,1070760.99,1070770.99,1070780.99,1070790.99,1070800.99,1070810.99,1070820.99,1070830.99,1070840.99,1070850.99,1070860.99,1070870.99,1070880.99
2026-06,2044-10,220,accelerated_ai_load,1032.08,96.0,135.18,0.96,1.331,125.83,70.0,1076722.04,2466.65,1076752.04,1076762.04,1076772.04,1076782.04,1076792.04,1076802.04,1076812.04,1076822.04,1076832.04,1076842.04,1076852.04,1076862.04,1076872.04,1076882.04,1076892.04,1076902.04,1076912.04,1076922.04,1076932.04,1076942.04,1076952.04,1076962.04,1076972.04
2026-06,2044-11,221,accelerated_ai_load,1042.89,96.0,136.63,-2.0,1.318,126.42,70.0,1076749.8,2473.52,1076779.8,1076789.8,1076799.8,1076809.8,1076819.8,1076829.8,1076839.8,1076849.8,1076859.8,1076869.8,1076879.8,1076889.8,1076899.8,1076909.8,1076919.8,1076929.8,1076939.8,1076949.8,1076959.8,1076969.8,1076979.8,1076989.8,1076999.8
2026-06,2044-12,222,accelerated_ai_load,1041.03,96.0,135.9,-4.52,1.306,126.92,70.0,1067283.11,2456.72,1067313.11,1067323.11,1067333.11,1067343.11,1067353.11,1067363.11,1067373.11,1067383.11,1067393.11,1067403.11,1067413.11,1067423.11,1067433.11,1067443.11,1067453.11,1067463.11,1067473.11,1067483.11,1067493.11,1067503.11,1067513.11,1067523.11,1067533.11
2026-06,2045-01,223,accelerated_ai_load,1047.15,96.0,139.58,-2.51,1.31,125.63,70.0,1076186.97,2474.53,1076216.97,1076226.97,1076236.97,1076246.97,1076256.97,1076266.97,1076276.97,1076286.97,1076296.97,1076306.97,1076316.97,1076326.97,1076336.97,1076346.97,1076356.97,1076366.97,1076376.97,1076386.97,1076396.97,1076406.97,1076416.97,1076426.97,1076436.97
2026-06,2045-02,224,accelerated_ai_load,1052.56,96.0,141.93,0.37,1.319,126.61,70.0,1086412.05,2505.08,1086442.05,1086452.05,1086462.05,1086472.05,1086482.05,1086492.05,1086502.05,1086512.05,1086522.05,1086532.05,1086542.05,1086552.05,1086562.05,1086572.05,1086582.05,1086592.05,1086602.05,1086612.05,1086622.05,1086632.05,1086642.05,1086652.05,1086662.05
2026-06,2045-03,225,accelerated_ai_load,1052.7,96.0,142.62,9.05,1.318,126.61,70.0,1090537.44,2500.59,1090567.44,1090577.44,1090587.44,1090597.44,1090607.44,1090617.44,1090627.44,1090637.44,1090647.44,1090657.44,1090667.44,1090677.44,1090687.44,1090697.44,1090707.44,1090717.44,1090727.44,1090737.44,1090747.44,1090757.44,1090767.44,1090777.44,1090787.44
2026-06,2045-04,226,accelerated_ai_load,1057.61,96.0,143.84,12.07,1.291,126.19,70.0,1075993.36,2474.24,1076023.36,1076033.36,1076043.36,1076053.36,1076063.36,1076073.36,1076083.36,1076093.36,1076103.36,1076113.36,1076123.36,1076133.36,1076143.36,1076153.36,1076163.36,1076173.36,1076183.36,1076193.36,1076203.36,1076213.36,1076223.36,1076233.36,1076243.36
2026-06,2045-05,227,accelerated_ai_load,1063.94,96.0,144.63,19.01,1.327,126.27,70.0,1112633.67,2547.12,1112663.67,1112673.67,1112683.67,1112693.67,1112703.67,1112713.67,1112723.67,1112733.67,1112743.67,1112753.67,1112763.67,1112773.67,1112783.67,1112793.67,1112803.67,1112813.67,1112823.67,1112833.67,1112843.67,1112853.67,1112863.67,1112873.67,1112883.67
2026-06,2045-06,228,accelerated_ai_load,1072.66,96.0,142.98,20.82,1.347,127.29,70.0,1134178.91,2586.43,1134208.91,1134218.91,1134228.91,1134238.91,1134248.91,1134258.91,1134268.91,1134278.91,1134288.91,1134298.91,1134308.91,1134318.91,1134328.91,1134338.91,1134348.91,1134358.91,1134368.91,1134378.91,1134388.91,1134398.91,1134408.91,1134418.91,1134428.91
2026-06,2045-07,229,accelerated_ai_load,1071.08,96.0,144.65,18.98,1.315,126.97,70.0,1108435.42,2544.66,1108465.42,1108475.42,1108485.42,1108495.42,1108505.42,1108515.42,1108525.42,1108535.42,1108545.42,1108555.42,1108565.42,1108575.42,1108585.42,1108595.42,1108605.42,1108615.42,1108625.42,1108635.42,1108645.42,1108655.42,1108665.42,1108675.42,1108685.42
2026-06,2045-08,230,accelerated_ai_load,1076.96,96.0,145.58,12.12,1.327,127.61,70.0,1120013.55,2573.75,1120043.55,1120053.55,1120063.55,1120073.55,1120083.55,1120093.55,1120103.55,1120113.55,1120123.55,1120133.55,1120143.55,1120153.55,1120163.55,1120173.55,1120183.55,1120193.55,1120203.55,1120213.55,1120223.55,1120233.55,1120243.55,1120253.55,1120263.55
2026-06,2045-09,231,accelerated_ai_load,1074.93,96.0,141.21,7.12,1.3,127.66,70.0,1095325.58,2523.4,1095355.58,1095365.58,1095375.58,1095385.58,1095395.58,1095405.58,1095415.58,1095425.58,1095435.58,1095445.58,1095455.58,1095465.58,1095475.58,1095485.58,1095495.58,1095505.58,1095515.58,1095525.58,1095535.58,1095545.58,1095555.58,1095565.58,1095575.58
2026-06,2045-10,232,accelerated_ai_load,1087.66,96.0,141.4,2.92,1.323,128.42,70.0,1125395.91,2581.99,1125425.91,1125435.91,1125445.91,1125455.91,1125465.91,1125475.91,1125485.91,1125495.91,1125505.91,1125515.91,1125525.91,1125535.91,1125545.91,1125555.91,1125565.91,1125575.91,1125585.91,1125595.91,1125605.91,1125615.91,1125625.91,1125635.91,1125645.91
2026-06,2045-11,233,accelerated_ai_load,1097.78,96.0,138.79,-3.68,1.322,128.49,70.0,1134492.08,2604.35,1134522.08,1134532.08,1134542.08,1134552.08,1134562.08,1134572.08,1134582.08,1134592.08,1134602.08,1134612.08,1134622.08,1134632.08,1134642.08,1134652.08,1134662.08,1134672.08,1134682.08,1134692.08,1134702.08,1134712.08,1134722.08,1134732.08,1134742.08
2026-06,2045-12,234,accelerated_ai_load,1091.64,96.0,139.38,-6.67,1.314,128.63,70.0,1123404.99,2583.98,1123434.99,1123444.99,1123454.99,1123464.99,1123474.99,1123484.99,1123494.99,1123504.99,1123514.99,1123524.99,1123534.99,1123544.99,1123554.99,1123564.99,1123574.99,1123584.99,1123594.99,1123604.99,1123614.99,1123624.99,1123634.99,1123644.99,1123654.99
2026-06,2046-01,235,accelerated_ai_load,1103.09,96.0,134.87,-4.27,1.328,127.45,70.0,1140902.84,2620.9,1140932.84,1140942.84,1140952.84,1140962.84,1140972.84,1140982.84,1140992.84,1141002.84,1141012.84,1141022.84,1141032.84,1141042.84,1141052.84,1141062.84,1141072.84,1141082.84,1141092.84,1141102.84,1141112.84,1141122.84,1141132.84,1141142.84,1141152.84
2026-06,2046-02,236,accelerated_ai_load,1101.32,96.0,136.37,0.01,1.299,127.93,70.0,1120644.11,2581.47,1120674.11,1120684.11,1120694.11,1120704.11,1120714.11,1120724.11,1120734.11,1120744.11,1120754.11,1120764.11,1120774.11,1120784.11,1120794.11,1120804.11,1120814.11,1120824.11,1120834.11,1120844.11,1120854.11,1120864.11,1120874.11,1120884.11,1120894.11
2026-06,2046-03,237,accelerated_ai_load,1111.82,96.0,136.07,6.57,1.32,127.77,70.0,1148607.1,2639.88,1148637.1,1148647.1,1148657.1,1148667.1,1148677.1,1148687.1,1148697.1,1148707.1,1148717.1,1148727.1,1148737.1,1148747.1,1148757.1,1148767.1,1148777.1,1148787.1,1148797.1,1148807.1,1148817.1,1148827.1,1148837.1,1148847.1,1148857.1
2026-06,2046-04,238,accelerated_ai_load,1108.19,96.0,138.31,14.09,1.312,127.99,70.0,1139413.33,2626.95,1139443.33,1139453.33,1139463.33,1139473.33,1139483.33,1139493.33,1139503.33,1139513.33,1139523.33,1139533.33,1139543.33,1139553.33,1139563.33,1139573.33,1139583.33,1139593.33,1139603.33,1139613.33,1139623.33,1139633.33,1139643.33,1139653.33,1139663.33
2026-06,2046-05,239,accelerated_ai_load,1123.58,96.0,138.6,19.51,1.323,127.89,70.0,1163967.18,2669.67,1163997.18,1164007.18,1164017.18,1164027.18,1164037.18,1164047.18,1164057.18,1164067.18,1164077.18,1164087.18,1164097.18,1164107.18,1164117.18,1164127.18,1164137.18,1164147.18,1164157.18,1164167.18,1164177.18,1164187.18,1164197.18,1164207.18,1164217.18
2026-06,2046-06,240,accelerated_ai_load,1120.59,96.0,140.61,21.28,1.347,128.35,70.0,1183436.3,2711.69,1183466.3,1183476.3,1183486.3,1183496.3,1183506.3,1183516.3,1183526.3,1183536.3,1183546.3,1183556.3,1183566.3,1183576.3,1183586.3,1183596.3,1183606.3,1183616.3,1183626.3,1183636.3,1183646.3,1183656.3,1183666.3,1183676.3,1183686.3
2026-06,2046-07,241,accelerated_ai_load,1130.07,96.0,143.29,18.21,1.324,128.59,70.0,1170443.66,2685.56,1170473.66,1170483.66,1170493.66,1170503.66,1170513.66,1170523.66,1170533.66,1170543.66,1170553.66,1170563.66,1170573.66,1170583.66,1170593.66,1170603.66,1170613.66,1170623.66,1170633.66,1170643.66,1170653.66,1170663.66,1170673.66,1170683.66,1170693.66
2026-06,2046-08,242,accelerated_ai_load,1123.17,96.0,142.4,15.74,1.302,128.67,70.0,1146968.18,2631.31,1146998.18,1147008.18,1147018.18,1147028.18,1147038.18,1147048.18,1147058.18,1147068.18,1147078.18,1147088.18,1147098.18,1147108.18,1147118.18,1147128.18,1147138.18,1147148.18,1147158.18,1147168.18,1147178.18,1147188.18,1147198.18,1147208.18,1147218.18
2026-06,2046-09,243,accelerated_ai_load,1137.45,96.0,144.77,6.49,1.308,129.29,70.0,1163044.03,2673.47,1163074.03,1163084.03,1163094.03,1163104.03,1163114.03,1163124.03,1163134.03,1163144.03,1163154.03,1163164.03,1163174.03,1163184.03,1163194.03,1163204.03,1163214.03,1163224.03,1163234.03,1163244.03,1163254.03,1163264.03,1163274.03,1163284.03,1163294.03
2026-06,2046-10,244,accelerated_ai_load,1137.14,96.0,147.18,1.51,1.312,128.64,70.0,1162790.96,2674.87,1162820.96,1162830.96,1162840.96,1162850.96,1162860.96,1162870.96,1162880.96,1162890.96,1162900.96,1162910.96,1162920.96,1162930.96,1162940.96,1162950.96,1162960.96,1162970.96,1162980.96,1162990.96,1163000.96,1163010.96,1163020.96,1163030.96,1163040.96
2026-06,2046-11,245,accelerated_ai_load,1143.25,96.0,146.23,-2.95,1.321,129.68,70.0,1175959.33,2696.22,1175989.33,1175999.33,1176009.33,1176019.33,1176029.33,1176039.33,1176049.33,1176059.33,1176069.33,1176079.33,1176089.33,1176099.33,1176109.33,1176119.33,1176129.33,1176139.33,1176149.33,1176159.33,1176169.33,1176179.33,1176189.33,1176199.33,1176209.33
2026-06,2046-12,246,accelerated_ai_load,1145.46,96.0,148.62,-4.61,1.315,129.15,70.0,1172335.23,2701.47,1172365.23,1172375.23,1172385.23,1172395.23,1172405.23,1172415.23,1172425.23,1172435.23,1172445.23,1172455.23,1172465.23,1172475.23,1172485.23,1172495.23,1172505.23,1172515.23,1172525.23,1172535.23,1172545.23,1172555.23,1172565.23,1172575.23,1172585.23
2026-09,2027-01,4,uncertain_connection,165.97,65.7,104.19,-4.61,1.322,100.88,31.56,180031.52,405.57,180061.52,180071.52,180081.52,180091.52,180101.52,180111.52,180121.52,180131.52,180141.52,180151.52,180161.52,180171.52,180181.52,180191.52,180201.52,180211.52,180221.52,180231.52,180241.52,180251.52,180261.52,180271.52,180281.52
2026-09,2027-02,5,uncertain_connection,169.45,65.42,107.55,2.16,1.308,101.52,36.12,182589.91,418.86,182619.91,182629.91,182639.91,182649.91,182659.91,182669.91,182679.91,182689.91,182699.91,182709.91,182719.91,182729.91,182739.91,182749.91,182759.91,182769.91,182779.91,182789.91,182799.91,182809.91,182819.91,182829.91,182839.91
2026-09,2027-03,6,uncertain_connection,166.29,71.61,111.6,8.35,1.306,101.41,34.52,192626.6,442.28,192656.6,192666.6,192676.6,192686.6,192696.6,192706.6,192716.6,192726.6,192736.6,192746.6,192756.6,192766.6,192776.6,192786.6,192796.6,192806.6,192816.6,192826.6,192836.6,192846.6,192856.6,192866.6,192876.6
2026-09,2027-04,7,uncertain_connection,171.33,69.06,109.33,15.3,1.324,101.84,34.4,194140.58,441.09,194170.58,194180.58,194190.58,194200.58,194210.58,194220.58,194230.58,194240.58,194250.58,194260.58,194270.58,194280.58,194290.58,194300.58,194310.58,194320.58,194330.58,194340.58,194350.58,194360.58,194370.58,194380.58,194390.58
2026-09,2027-05,8,accelerated_ai_load,185.59,76.04,111.8,20.3,1.324,102.0,28.94,217030.19,502.91,217060.19,217070.19,217080.19,217090.19,217100.19,217110.19,217120.19,217130.19,217140.19,217150.19,217160.19,217170.19,217180.19,217190.19,217200.19,217210.19,217220.19,217230.19,217240.19,217250.19,217260.19,217270.19,217280.19
2026-09,2027-06,9,accelerated_ai_load,184.62,74.02,112.7,20.65,1.304,102.09,30.82,209866.2,479.79,209896.2,209906.2,209916.2,209926.2,209936.2,209946.2,209956.2,209966.2,209976.2,209986.2,209996.2,210006.2,210016.2,210026.2,210036.2,210046.2,210056.2,210066.2,210076.2,210086.2,210096.2,210106.2,210116.2
2026-09,2027-07,10,uncertain_connection,199.01,67.46,112.19,19.57,1.335,101.3,28.73,210901.99,481.07,210931.99,210941.99,210951.99,210961.99,210971.99,210981.99,210991.99,211001.99,211011.99,211021.99,211031.99,211041.99,211051.99,211061.99,211071.99,211081.99,211091.99,211101.99,211111.99,211121.99,211131.99,211141.99,211151.99
2026-09,2027-08,11,uncertain_connection,187.62,66.28,112.38,13.49,1.315,102.66,30.95,200181.65,449.44,200211.65,200221.65,200231.65,200241.65,200251.65,200261.65,200271.65,200281.65,200291.65,200301.65,200311.65,200321.65,200331.65,200341.65,200351.65,200361.65,200371.65,200381.65,200391.65,200401.65,200411.65,200421.65,200431.65
2026-09,2027-09,12,uncertain_connection,192.85,65.88,110.45,9.22,1.323,102.59,26.86,200950.88,467.95,200980.88,200990.88,201000.88,201010.88,201020.88,201030.88,201040.88,201050.88,201060.88,201070.88,201080.88,201090.88,201100.88,201110.88,201120.88,201130.88,201140.88,201150.88,201160.88,201170.88,201180.88,201190.88,201200.88
2026-09,2027-10,13,uncertain_connection,200.58,61.51,109.29,3.22,1.314,102.33,32.02,194068.65,451.94,194098.65,194108.65,194118.65,194128.65,194138.65,194148.65,194158.65,194168.65,194178.65,194188.65,194198.65,194208.65,194218.65,194228.65,194238.65,194248.65,194258.65,194268.65,194278.65,194288.65,194298.65,194308.65,194318.65
2026-09,2027-11,14,uncertain_connection,202.94,61.7,104.57,-4.14,1.301,102.44,35.57,195782.07,453.91,195812.07,195822.07,195832.07,195842.07,195852.07,195862.07,195872.07,195882.07,195892.07,195902.07,195912.07,195922.07,195932.07,195942.07,195952.07,195962.07,195972.07,195982.07,195992.07,196002.07,196012.07,196022.07,196032.07
2026-09,2027-12,15,uncertain_connection,202.67,68.16,104.33,-5.91,1.318,101.57,32.53,209399.85,472.03,209429.85,209439.85,209449.85,209459.85,209469.85,209479.85,209489.85,209499.85,209509.85,209519.85,209529.85,209539.85,209549.85,209559.85,209569.85,209579.85,209589.85,209599.85,209609.85,209619.85,209629.85,209639.85,209649.85
2026-09,2028-01,16,uncertain_connection,215.01,68.39,102.31,-4.2,1.339,102.41,38.21,220926.08,497.35,220956.08,220966.08,220976.08,220986.08,220996.08,221006.08,221016.08,221026.08,221036.08,221046.08,221056.08,221066.08,221076.08,221086.08,221096.08,221106.08,221116.08,221126.08,221136.08,221146.08,221156.08,221166.08,221176.08
2026-09,2028-02,17,accelerated_ai_load,217.53,72.57,103.58,4.0,1.305,102.75,37.36,229526.7,521.59,229556.7,229566.7,229576.7,229586.7,229596.7,229606.7,229616.7,229626.7,229636.7,229646.7,229656.7,229666.7,229676.7,229686.7,229696.7,229706.7,229716.7,229726.7,229736.7,229746.7,229756.7,229766.7,229776.7
2026-09,2028-03,18,accelerated_ai_load,225.55,77.18,103.18,7.62,1.315,102.67,40.01,246892.72,560.78,246922.72,246932.72,246942.72,246952.72,246962.72,246972.72,246982.72,246992.72,247002.72,247012.72,247022.72,247032.72,247042.72,247052.72,247062.72,247072.72,247082.72,247092.72,247102.72,247112.72,247122.72,247132.72,247142.72
2026-09,2028-04,19,accelerated_ai_load,231.64,82.57,102.95,15.91,1.33,102.32,35.47,266909.63,604.52,266939.63,266949.63,266959.63,266969.63,266979.63,266989.63,266999.63,267009.63,267019.63,267029.63,267039.63,267049.63,267059.63,267069.63,267079.63,267089.63,267099.63,267109.63,267119.63,267129.63,267139.63,267149.63,267159.63
2026-09,2028-05,20,accelerated_ai_load,231.4,87.58,105.69,20.07,1.32,102.06,35.09,280191.96,625.84,280221.96,280231.96,280241.96,280251.96,280261.96,280271.96,280281.96,280291.96,280301.96,280311.96,280321.96,280331.96,280341.96,280351.96,280361.96,280371.96,280381.96,280391.96,280401.96,280411.96,280421.96,280431.96,280441.96
2026-09,2028-06,21,accelerated_ai_load,230.97,85.14,106.71,20.13,1.306,102.6,31.43,272215.44,620.46,272245.44,272255.44,272265.44,272275.44,272285.44,272295.44,272305.44,272315.44,272325.44,272335.44,272345.44,272355.44,272365.44,272375.44,272385.44,272395.44,272405.44,272415.44,272425.44,272435.44,272445.44,272455.44,272465.44
2026-09,2028-07,22,accelerated_ai_load,245.72,90.06,109.63,19.28,1.323,104.08,31.72,297943.77,679.15,297973.77,297983.77,297993.77,298003.77,298013.77,298023.77,298033.77,298043.77,298053.77,298063.77,298073.77,298083.77,298093.77,298103.77,298113.77,298123.77,298133.77,298143.77,298153.77,298163.77,298173.77,298183.77,298193.77
2026-09,2028-08,23,accelerated_ai_load,247.02,84.32,109.59,15.48,1.309,103.27,31.97,281189.16,633.24,281219.16,281229.16,281239.16,281249.16,281259.16,281269.16,281279.16,281289.16,281299.16,281309.16,281319.16,281329.16,281339.16,281349.16,281359.16,281369.16,281379.16,281389.16,281399.16,281409.16,281419.16,281429.16,281439.16
2026-09,2028-09,24,accelerated_ai_load,249.47,83.92,113.18,8.38,1.318,103.01,33.36,284021.74,644.05,284051.74,284061.74,284071.74,284081.74,284091.74,284101.74,284111.74,284121.74,284131.74,284141.74,284151.74,284161.74,284171.74,284181.74,284191.74,284201.74,284211.74,284221.74,284231.74,284241.74,284251.74,284261.74,284271.74
2026-09,2028-10,25,accelerated_ai_load,240.33,87.0,114.94,3.15,1.288,103.13,36.45,276038.91,612.47,276068.91,276078.91,276088.91,276098.91,276108.91,276118.91,276128.91,276138.91,276148.91,276158.91,276168.91,276178.91,276188.91,276198.91,276208.91,276218.91,276228.91,276238.91,276248.91,276258.91,276268.91,276278.91,276288.91
2026-09,2028-11,26,accelerated_ai_load,258.74,77.38,116.21,-3.83,1.316,103.47,39.86,270207.91,623.88,270237.91,270247.91,270257.91,270267.91,270277.91,270287.91,270297.91,270307.91,270317.91,270327.91,270337.91,270347.91,270357.91,270367.91,270377.91,270387.91,270397.91,270407.91,270417.91,270427.91,270437.91,270447.91,270457.91
2026-09,2028-12,27,accelerated_ai_load,256.61,75.19,115.11,-4.55,1.331,103.65,38.56,269274.23,619.93,269304.23,269314.23,269324.23,269334.23,269344.23,269354.23,269364.23,269374.23,269384.23,269394.23,269404.23,269414.23,269424.23,269434.23,269444.23,269454.23,269464.23,269474.23,269484.23,269494.23,269504.23,269514.23,269524.23
2026-09,2029-01,28,accelerated_ai_load,263.05,76.74,114.8,-3.94,1.311,104.42,37.65,271353.22,629.26,271383.22,271393.22,271403.22,271413.22,271423.22,271433.22,271443.22,271453.22,271463.22,271473.22,271483.22,271493.22,271503.22,271513.22,271523.22,271533.22,271543.22,271553.22,271563.22,271573.22,271583.22,271593.22,271603.22
2026-09,2029-02,29,accelerated_ai_load,270.6,82.22,113.02,2.53,1.317,104.17,39.91,295673.61,666.77,295703.61,295713.61,295723.61,295733.61,295743.61,295753.61,295763.61,295773.61,295783.61,295793.61,295803.61,295813.61,295823.61,295833.61,295843.61,295853.61,295863.61,295873.61,295883.61,295893.61,295903.61,295913.61,295923.61
2026-09,2029-03,30,accelerated_ai_load,277.48,84.19,112.19,9.65,1.319,104.61,43.61,307297.06,704.3,307327.06,307337.06,307347.06,307357.06,307367.06,307377.06,307387.06,307397.06,307407.06,307417.06,307427.06,307437.06,307447.06,307457.06,307467.06,307477.06,307487.06,307497.06,307507.06,307517.06,307527.06,307537.06,307547.06
2026-09,2029-04,31,accelerated_ai_load,282.72,86.26,109.53,14.47,1.326,104.51,41.51,323317.79,725.08,323347.79,323357.79,323367.79,323377.79,323387.79,323397.79,323407.79,323417.79,323427.79,323437.79,323447.79,323457.79,323467.79,323477.79,323487.79,323497.79,323507.79,323517.79,323527.79,323537.79,323547.79,323557.79,323567.79
2026-09,2029-05,32,accelerated_ai_load,280.26,86.32,108.78,20.47,1.318,104.12,43.55,320586.03,733.14,320616.03,320626.03,320636.03,320646.03,320656.03,320666.03,320676.03,320686.03,320696.03,320706.03,320716.03,320726.03,320736.03,320746.03,320756.03,320766.03,320776.03,320786.03,320796.03,320806.03,320816.03,320826.03,320836.03
2026-09,2029-06,33,accelerated_ai_load,281.84,88.46,106.72,22.88,1.385,104.61,31.02,340596.19,756.75,340626.19,340636.19,340646.19,340656.19,340666.19,340676.19,340686.19,340696.19,340706.19,340716.19,340726.19,340736.19,340746.19,340756.19,340766.19,340776.19,340786.19,340796.19,340806.19,340816.19,340826.19,340836.19,340846.19
2026-09,2029-07,34,accelerated_ai_load,288.94,96.0,105.53,20.89,1.334,104.32,35.93,357844.7,808.91,357874.7,357884.7,357894.7,357904.7,357914.7,357924.7,357934.7,357944.7,357954.7,357964.7,357974.7,357984.7,357994.7,358004.7,358014.7,358024.7,358034.7,358044.7,358054.7,358064.7,358074.7,358084.7,358094.7
2026-09,2029-08,35,accelerated_ai_load,292.89,96.0,105.46,13.93,1.32,104.12,35.24,357513.98,802.99,357543.98,357553.98,357563.98,357573.98,357583.98,357593.98,357603.98,357613.98,357623.98,357633.98,357643.98,357653.98,357663.98,357673.98,357683.98,357693.98,357703.98,357713.98,357723.98,357733.98,357743.98,357753.98,357763.98
2026-09,2029-09,36,accelerated_ai_load,298.21,96.0,108.48,8.71,1.322,104.59,34.3,357919.99,810.88,357949.99,357959.99,357969.99,357979.99,357989.99,357999.99,358009.99,358019.99,358029.99,358039.99,358049.99,358059.99,358069.99,358079.99,358089.99,358099.99,358109.99,358119.99,358129.99,358139.99,358149.99,358159.99,358169.99
2026-09,2029-10,37,accelerated_ai_load,298.92,96.0,107.1,1.99,1.305,105.63,38.08,356196.78,809.33,356226.78,356236.78,356246.78,356256.78,356266.78,356276.78,356286.78,356296.78,356306.78,356316.78,356326.78,356336.78,356346.78,356356.78,356366.78,356376.78,356386.78,356396.78,356406.78,356416.78,356426.78,356436.78,356446.78
2026-09,2029-11,38,accelerated_ai_load,304.49,96.0,109.55,-1.35,1.313,105.28,39.91,361490.02,809.3,361520.02,361530.02,361540.02,361550.02,361560.02,361570.02,361580.02,361590.02,361600.02,361610.02,361620.02,361630.02,361640.02,361650.02,361660.02,361670.02,361680.02,361690.02,361700.02,361710.02,361720.02,361730.02,361740.02
2026-09,2029-12,39,accelerated_ai_load,311.38,96.0,110.21,-3.64,1.311,105.23,42.05,368905.89,820.85,368935.89,368945.89,368955.89,368965.89,368975.89,368985.89,368995.89,369005.89,369015.89,369025.89,369035.89,369045.89,369055.89,369065.89,369075.89,369085.89,369095.89,369105.89,369115.89,369125.89,369135.89,369145.89,369155.89
2026-09,2030-01,40,accelerated_ai_load,313.63,96.0,111.99,-0.31,1.293,105.54,43.39,366189.46,822.07,366219.46,366229.46,366239.46,366249.46,366259.46,366269.46,366279.46,366289.46,366299.46,366309.46,366319.46,366329.46,366339.46,366349.46,366359.46,366369.46,366379.46,366389.46,366399.46,366409.46,366419.46,366429.46,366439.46
2026-09,2030-02,41,accelerated_ai_load,316.11,87.66,112.44,2.44,1.309,105.22,48.99,347247.68,792.74,347277.68,347287.68,347297.68,347307.68,347317.68,347327.68,347337.68,347347.68,347357.68,347367.68,347377.68,347387.68,347397.68,347407.68,347417.68,347427.68,347437.68,347447.68,347457.68,347467.68,347477.68,347487.68,347497.68
2026-09,2030-03,42,accelerated_ai_load,326.22,96.0,115.16,6.51,1.318,105.93,46.64,385601.68,862.52,385631.68,385641.68,385651.68,385661.68,385671.68,385681.68,385691.68,385701.68,385711.68,385721.68,385731.68,385741.68,385751.68,385761.68,385771.68,385781.68,385791.68,385801.68,385811.68,385821.68,385831.68,385841.68,385851.68
2026-09,2030-04,43,accelerated_ai_load,323.23,92.74,115.5,16.1,1.32,105.2,44.6,376522.63,847.16,376552.63,376562.63,376572.63,376582.63,376592.63,376602.63,376612.63,376622.63,376632.63,376642.63,376652.63,376662.63,376672.63,376682.63,376692.63,376702.63,376712.63,376722.63,376732.63,376742.63,376752.63,376762.63,376772.63
2026-09,2030-05,44,accelerated_ai_load,326.45,91.19,117.59,18.33,1.322,105.61,47.51,375417.45,861.36,375447.45,375457.45,375467.45,375477.45,375487.45,375497.45,375507.45,375517.45,375527.45,375537.45,375547.45,375557.45,375567.45,375577.45,375587.45,375597.45,375607.45,375617.45,375627.45,375637.45,375647.45,375657.45,375667.45
2026-09,2030-06,45,accelerated_ai_load,333.2,96.0,114.83,19.01,1.296,105.82,45.1,392792.11,879.95,392822.11,392832.11,392842.11,392852.11,392862.11,392872.11,392882.11,392892.11,392902.11,392912.11,392922.11,392932.11,392942.11,392952.11,392962.11,392972.11,392982.11,392992.11,393002.11,393012.11,393022.11,393032.11,393042.11
2026-09,2030-07,46,accelerated_ai_load,343.53,96.0,117.52,17.88,1.32,105.95,42.69,407513.43,921.46,407543.43,407553.43,407563.43,407573.43,407583.43,407593.43,407603.43,407613.43,407623.43,407633.43,407643.43,407653.43,407663.43,407673.43,407683.43,407693.43,407703.43,407713.43,407723.43,407733.43,407743.43,407753.43,407763.43
2026-09,2030-08,47,accelerated_ai_load,340.31,96.0,117.6,13.47,1.317,106.5,40.56,404063.03,912.01,404093.03,404103.03,404113.03,404123.03,404133.03,404143.03,404153.03,404163.03,404173.03,404183.03,404193.03,404203.03,404213.03,404223.03,404233.03,404243.03,404253.03,404263.03,404273.03,404283.03,404293.03,404303.03,404313.03
2026-09,2030-09,48,accelerated_ai_load,349.62,96.0,114.85,6.41,1.315,106.46,38.37,409697.06,919.19,409727.06,409737.06,409747.06,409757.06,409767.06,409777.06,409787.06,409797.06,409807.06,409817.06,409827.06,409837.06,409847.06,409857.06,409867.06,409877.06,409887.06,409897.06,409907.06,409917.06,409927.06,409937.06,409947.06
2026-09,2030-10,49,accelerated_ai_load,343.41,96.0,112.2,0.82,1.313,106.47,42.81,403004.42,906.93,403034.42,403044.42,403054.42,403064.42,403074.42,403084.42,403094.42,403104.42,403114.42,403124.42,403134.42,403144.42,403154.42,403164.42,403174.42,403184.42,403194.42,403204.42,403214.42,403224.42,403234.42,403244.42,403254.42
2026-09,2030-11,50,accelerated_ai_load,358.74,96.0,112.11,-4.44,1.314,106.83,49.28,414305.98,938.97,414335.98,414345.98,414355.98,414365.98,414375.98,414385.98,414395.98,414405.98,414415.98,414425.98,414435.98,414445.98,414455.98,414465.98,414475.98,414485.98,414495.98,414505.98,414515.98,414525.98,414535.98,414545.98,414555.98
2026-09,2030-12,51,accelerated_ai_load,364.89,96.0,108.96,-3.81,1.325,106.42,48.12,425057.03,971.17,425087.03,425097.03,425107.03,425117.03,425127.03,425137.03,425147.03,425157.03,425167.03,425177.03,425187.03,425197.03,425207.03,425217.03,425227.03,425237.03,425247.03,425257.03,425267.03,425277.03,425287.03,425297.03,425307.03
2026-09,2031-01,52,accelerated_ai_load,354.54,96.0,110.17,-3.09,1.308,107.56,52.73,407215.47,908.3,407245.47,407255.47,407265.47,407275.47,407285.47,407295.47,407305.47,407315.47,407325.47,407335.47,407345.47,407355.47,407365.47,407375.47,407385.47,407395.47,407405.47,407415.47,407425.47,407435.47,407445.47,407455.47,407465.47
2026-09,2031-02,53,accelerated_ai_load,376.68,96.0,108.93,2.06,1.334,106.1,48.38,439501.91,983.89,439531.91,439541.91,439551.91,439561.91,439571.91,439581.91,439591.91,439601.91,439611.91,439621.91,439631.91,439641.91,439651.91,439661.91,439671.91,439681.91,439691.91,439701.91,439711.91,439721.91,439731.91,439741.91,439751.91
2026-09,2031-03,54,accelerated_ai_load,381.62,96.0,107.62,5.92,1.314,107.42,53.64,438694.31,989.06,438724.31,438734.31,438744.31,438754.31,438764.31,438774.31,438784.31,438794.31,438804.31,438814.31,438824.31,438834.31,438844.31,438854.31,438864.31,438874.31,438884.31,438894.31,438904.31,438914.31,438924.31,438934.31,438944.31
2026-09,2031-04,55,accelerated_ai_load,381.69,96.0,110.45,15.56,1.323,106.76,50.22,446625.34,996.97,446655.34,446665.34,446675.34,446685.34,446695.34,446705.34,446715.34,446725.34,446735.34,446745.34,446755.34,446765.34,446775.34,446785.34,446795.34,446805.34,446815.34,446825.34,446835.34,446845.34,446855.34,446865.34,446875.34
2026-09,2031-05,56,accelerated_ai_load,376.67,96.0,112.41,18.04,1.303,107.31,48.17,434413.46,986.18,434443.46,434453.46,434463.46,434473.46,434483.46,434493.46,434503.46,434513.46,434523.46,434533.46,434543.46,434553.46,434563.46,434573.46,434583.46,434593.46,434603.46,434613.46,434623.46,434633.46,434643.46,434653.46,434663.46
2026-09,2031-06,57,accelerated_ai_load,396.11,96.0,112.27,20.24,1.32,107.81,46.33,457392.28,1034.94,457422.28,457432.28,457442.28,457452.28,457462.28,457472.28,457482.28,457492.28,457502.28,457512.28,457522.28,457532.28,457542.28,457552.28,457562.28,457572.28,457582.28,457592.28,457602.28,457612.28,457622.28,457632.28,457642.28
2026-09,2031-07,58,accelerated_ai_load,396.43,96.0,114.67,19.73,1.315,107.57,47.29,458370.86,1027.77,458400.86,458410.86,458420.86,458430.86,458440.86,458450.86,458460.86,458470.86,458480.86,458490.86,458500.86,458510.86,458520.86,458530.86,458540.86,458550.86,458560.86,458570.86,458580.86,458590.86,458600.86,458610.86,458620.86
2026-09,2031-08,59,accelerated_ai_load,388.85,96.0,116.14,14.5,1.321,107.39,42.5,448650.74,1020.73,448680.74,448690.74,448700.74,448710.74,448720.74,448730.74,448740.74,448750.74,448760.74,448770.74,448780.74,448790.74,448800.74,448810.74,448820.74,448830.74,448840.74,448850.74,448860.74,448870.74,448880.74,448890.74,448900.74
2026-09,2031-09,60,accelerated_ai_load,402.37,96.0,118.08,6.83,1.316,108.03,45.83,457907.46,1037.08,457937.46,457947.46,457957.46,457967.46,457977.46,457987.46,457997.46,458007.46,458017.46,458027.46,458037.46,458047.46,458057.46,458067.46,458077.46,458087.46,458097.46,458107.46,458117.46,458127.46,458137.46,458147.46,458157.46
2026-09,2031-10,61,accelerated_ai_load,402.04,96.0,120.66,0.31,1.319,107.76,47.97,457756.59,1042.29,457786.59,457796.59,457806.59,457816.59,457826.59,457836.59,457846.59,457856.59,457866.59,457876.59,457886.59,457896.59,457906.59,457916.59,457926.59,457936.59,457946.59,457956.59,457966.59,457976.59,457986.59,457996.59,458006.59
2026-09,2031-11,62,accelerated_ai_load,412.91,96.0,121.1,-4.51,1.333,107.87,47.47,473923.32,1066.19,473953.32,473963.32,473973.32,473983.32,473993.32,474003.32,474013.32,474023.32,474033.32,474043.32,474053.32,474063.32,474073.32,474083.32,474093.32,474103.32,474113.32,474123.32,474133.32,474143.32,474153.32,474163.32,474173.32
2026-09,2031-12,63,accelerated_ai_load,410.89,96.0,119.82,-4.43,1.31,109.0,49.74,462940.58,1052.01,462970.58,462980.58,462990.58,463000.58,463010.58,463020.58,463030.58,463040.58,463050.58,463060.58,463070.58,463080.58,463090.58,463100.58,463110.58,463120.58,463130.58,463140.58,463150.58,463160.58,463170.58,463180.58,463190.58
2026-09,2032-01,64,accelerated_ai_load,413.59,96.0,118.05,-2.91,1.314,107.95,52.5,466477.6,1067.97,466507.6,466517.6,466527.6,466537.6,466547.6,466557.6,466567.6,466577.6,466587.6,466597.6,466607.6,466617.6,466627.6,466637.6,466647.6,466657.6,466667.6,466677.6,466687.6,466697.6,466707.6,466717.6,466727.6
2026-09,2032-02,65,accelerated_ai_load,421.29,96.0,118.98,2.45,1.332,108.41,56.92,479383.45,1087.54,479413.45,479423.45,479433.45,479443.45,479453.45,479463.45,479473.45,479483.45,479493.45,479503.45,479513.45,479523.45,479533.45,479543.45,479553.45,479563.45,479573.45,479583.45,479593.45,479603.45,479613.45,479623.45,479633.45
2026-09,2032-03,66,accelerated_ai_load,425.34,96.0,117.44,8.09,1.314,108.59,55.64,479916.94,1093.94,479946.94,479956.94,479966.94,479976.94,479986.94,479996.94,480006.94,480016.94,480026.94,480036.94,480046.94,480056.94,480066.94,480076.94,480086.94,480096.94,480106.94,480116.94,480126.94,480136.94,480146.94,480156.94,480166.94
2026-09,2032-04,67,accelerated_ai_load,429.82,96.0,114.9,16.73,1.302,108.54,53.06,482656.98,1094.82,482686.98,482696.98,482706.98,482716.98,482726.98,482736.98,482746.98,482756.98,482766.98,482776.98,482786.98,482796.98,482806.98,482816.98,482826.98,482836.98,482846.98,482856.98,482866.98,482876.98,482886.98,482896.98,482906.98
2026-09,2032-05,68,accelerated_ai_load,429.35,96.0,115.3,18.66,1.294,108.93,52.15,483747.5,1090.73,483777.5,483787.5,483797.5,483807.5,483817.5,483827.5,483837.5,483847.5,483857.5,483867.5,483877.5,483887.5,483897.5,483907.5,483917.5,483927.5,483937.5,483947.5,483957.5,483967.5,483977.5,483987.5,483997.5
2026-09,2032-06,69,accelerated_ai_load,433.23,96.0,112.39,20.1,1.3,109.22,52.41,488017.54,1105.29,488047.54,488057.54,488067.54,488077.54,488087.54,488097.54,488107.54,488117.54,488127.54,488137.54,488147.54,488157.54,488167.54,488177.54,488187.54,488197.54,488207.54,488217.54,488227.54,488237.54,488247.54,488257.54,488267.54
2026-09,2032-07,70,accelerated_ai_load,442.43,96.0,112.29,19.22,1.298,108.95,49.48,497065.3,1135.49,497095.3,497105.3,497115.3,497125.3,497135.3,497145.3,497155.3,497165.3,497175.3,497185.3,497195.3,497205.3,497215.3,497225.3,497235.3,497245.3,497255.3,497265.3,497275.3,497285.3,497295.3,497305.3,497315.3
2026-09,2032-08,71,accelerated_ai_load,446.93,96.0,111.88,14.79,1.327,109.18,54.43,507564.33,1149.54,507594.33,507604.33,507614.33,507624.33,507634.33,507644.33,507654.33,507664.33,507674.33,507684.33,507694.33,507704.33,507714.33,507724.33,507734.33,507744.33,507754.33,507764.33,507774.33,507784.33,507794.33,507804.33,507814.33
2026-09,2032-09,72,accelerated_ai_load,448.19,96.0,113.6,8.03,1.312,109.38,53.1,501043.09,1143.61,501073.09,501083.09,501093.09,501103.09,501113.09,501123.09,501133.09,501143.09,501153.09,501163.09,501173.09,501183.09,501193.09,501203.09,501213.09,501223.09,501233.09,501243.09,501253.09,501263.09,501273.09,501283.09,501293.09
2026-09,2032-10,73,accelerated_ai_load,452.0,96.0,112.54,-0.18,1.317,109.34,51.06,505480.91,1145.05,505510.91,505520.91,505530.91,505540.91,505550.91,505560.91,505570.91,505580.91,505590.91,505600.91,505610.91,505620.91,505630.91,505640.91,505650.91,505660.91,505670.91,505680.91,505690.91,505700.91,505710.91,505720.91,505730.91
2026-09,2032-11,74,accelerated_ai_load,453.39,96.0,113.83,-5.46,1.31,109.87,56.27,504817.77,1148.43,504847.77,504857.77,504867.77,504877.77,504887.77,504897.77,504907.77,504917.77,504927.77,504937.77,504947.77,504957.77,504967.77,504977.77,504987.77,504997.77,505007.77,505017.77,505027.77,505037.77,505047.77,505057.77,505067.77
2026-09,2032-12,75,accelerated_ai_load,462.39,96.0,113.7,-6.0,1.304,109.15,57.26,511128.11,1174.55,511158.11,511168.11,511178.11,511188.11,511198.11,511208.11,511218.11,511228.11,511238.11,511248.11,511258.11,511268.11,511278.11,511288.11,511298.11,511308.11,511318.11,511328.11,511338.11,511348.11,511358.11,511368.11,511378.11
2026-09,2033-01,76,accelerated_ai_load,468.84,96.0,117.99,-3.0,1.314,109.44,59.19,517756.69,1175.3,517786.69,517796.69,517806.69,517816.69,517826.69,517836.69,517846.69,517856.69,517866.69,517876.69,517886.69,517896.69,517906.69,517916.69,517926.69,517936.69,517946.69,517956.69,517966.69,517976.69,517986.69,517996.69,518006.69
2026-09,2033-02,77,accelerated_ai_load,475.9,96.0,121.67,1.15,1.322,109.4,60.35,530199.41,1211.91,530229.41,530239.41,530249.41,530259.41,530269.41,530279.41,530289.41,530299.41,530309.41,530319.41,530329.41,530339.41,530349.41,530359.41,530369.41,530379.41,530389.41,530399.41,530409.41,530419.41,530429.41,530439.41,530449.41
2026-09,2033-03,78,accelerated_ai_load,478.71,96.0,119.98,6.69,1.319,110.25,63.45,534879.29,1217.07,534909.29,534919.29,534929.29,534939.29,534949.29,534959.29,534969.29,534979.29,534989.29,534999.29,535009.29,535019.29,535029.29,535039.29,535049.29,535059.29,535069.29,535079.29,535089.29,535099.29,535109.29,535119.29,535129.29
2026-09,2033-04,79,accelerated_ai_load,491.55,96.0,122.45,14.99,1.324,110.23,56.72,549376.9,1244.02,549406.9,549416.9,549426.9,549436.9,549446.9,549456.9,549466.9,549476.9,549486.9,549496.9,549506.9,549516.9,549526.9,549536.9,549546.9,549556.9,549566.9,549576.9,549586.9,549596.9,549606.9,549616.9,549626.9
2026-09,2033-05,80,accelerated_ai_load,480.77,96.0,124.79,20.11,1.325,110.01,59.75,540966.53,1229.75,540996.53,541006.53,541016.53,541026.53,541036.53,541046.53,541056.53,541066.53,541076.53,541086.53,541096.53,541106.53,541116.53,541126.53,541136.53,541146.53,541156.53,541166.53,541176.53,541186.53,541196.53,541206.53,541216.53
2026-09,2033-06,81,accelerated_ai_load,487.23,96.0,122.43,21.39,1.32,110.18,57.95,547675.55,1247.27,547705.55,547715.55,547725.55,547735.55,547745.55,547755.55,547765.55,547775.55,547785.55,547795.55,547805.55,547815.55,547825.55,547835.55,547845.55,547855.55,547865.55,547875.55,547885.55,547895.55,547905.55,547915.55,547925.55
2026-09,2033-07,82,accelerated_ai_load,491.23,96.0,124.22,19.38,1.305,110.79,51.86,544303.38,1228.49,544333.38,544343.38,544353.38,544363.38,544373.38,544383.38,544393.38,544403.38,544413.38,544423.38,544433.38,544443.38,544453.38,544463.38,544473.38,544483.38,544493.38,544503.38,544513.38,544523.38,544533.38,544543.38,544553.38
2026-09,2033-08,83,accelerated_ai_load,488.97,96.0,120.55,16.69,1.328,110.95,57.08,549300.48,1248.92,549330.48,549340.48,549350.48,549360.48,549370.48,549380.48,549390.48,549400.48,549410.48,549420.48,549430.48,549440.48,549450.48,549460.48,549470.48,549480.48,549490.48,549500.48,549510.48,549520.48,549530.48,549540.48,549550.48
2026-09,2033-09,84,accelerated_ai_load,509.24,96.0,120.86,7.96,1.321,110.99,55.8,564847.42,1288.5,564877.42,564887.42,564897.42,564907.42,564917.42,564927.42,564937.42,564947.42,564957.42,564967.42,564977.42,564987.42,564997.42,565007.42,565017.42,565027.42,565037.42,565047.42,565057.42,565067.42,565077.42,565087.42,565097.42
2026-09,2033-10,85,accelerated_ai_load,501.81,96.0,119.56,1.58,1.317,109.74,58.26,552677.51,1253.2,552707.51,552717.51,552727.51,552737.51,552747.51,552757.51,552767.51,552777.51,552787.51,552797.51,552807.51,552817.51,552827.51,552837.51,552847.51,552857.51,552867.51,552877.51,552887.51,552897.51,552907.51,552917.51,552927.51
2026-09,2033-11,86,accelerated_ai_load,510.16,96.0,117.14,-2.97,1.326,111.11,60.73,564065.22,1273.98,564095.22,564105.22,564115.22,564125.22,564135.22,564145.22,564155.22,564165.22,564175.22,564185.22,564195.22,564205.22,564215.22,564225.22,564235.22,564245.22,564255.22,564265.22,564275.22,564285.22,564295.22,564305.22,564315.22
2026-09,2033-12,87,accelerated_ai_load,519.45,96.0,114.93,-5.64,1.319,110.78,62.19,570296.73,1297.69,570326.73,570336.73,570346.73,570356.73,570366.73,570376.73,570386.73,570396.73,570406.73,570416.73,570426.73,570436.73,570446.73,570456.73,570466.73,570476.73,570486.73,570496.73,570506.73,570516.73,570526.73,570536.73,570546.73
2026-09,2034-01,88,accelerated_ai_load,510.74,96.0,114.54,-4.38,1.309,110.58,66.51,559514.32,1272.46,559544.32,559554.32,559564.32,559574.32,559584.32,559594.32,559604.32,559614.32,559624.32,559634.32,559644.32,559654.32,559664.32,559674.32,559684.32,559694.32,559704.32,559714.32,559724.32,559734.32,559744.32,559754.32,559764.32
2026-09,2034-02,89,accelerated_ai_load,522.85,96.0,114.37,0.83,1.328,110.73,64.75,577455.47,1303.75,577485.47,577495.47,577505.47,577515.47,577525.47,577535.47,577545.47,577555.47,577565.47,577575.47,577585.47,577595.47,577605.47,577615.47,577625.47,577635.47,577645.47,577655.47,577665.47,577675.47,577685.47,577695.47,577705.47
2026-09,2034-03,90,accelerated_ai_load,535.15,96.0,114.53,7.22,1.304,111.94,67.81,583864.77,1330.27,583894.77,583904.77,583914.77,583924.77,583934.77,583944.77,583954.77,583964.77,583974.77,583984.77,583994.77,584004.77,584014.77,584024.77,584034.77,584044.77,584054.77,584064.77,584074.77,584084.77,584094.77,584104.77,584114.77
2026-09,2034-04,91,accelerated_ai_load,531.73,96.0,115.22,16.33,1.303,111.95,63.28,583582.34,1336.59,583612.34,583622.34,583632.34,583642.34,583652.34,583662.34,583672.34,583682.34,583692.34,583702.34,583712.34,583722.34,583732.34,583742.34,583752.34,583762.34,583772.34,583782.34,583792.34,583802.34,583812.34,583822.34,583832.34
2026-09,2034-05,92,accelerated_ai_load,543.43,96.0,116.66,19.5,1.322,111.02,63.71,602097.39,1363.78,602127.39,602137.39,602147.39,602157.39,602167.39,602177.39,602187.39,602197.39,602207.39,602217.39,602227.39,602237.39,602247.39,602257.39,602267.39,602277.39,602287.39,602297.39,602307.39,602317.39,602327.39,602337.39,602347.39
2026-09,2034-06,93,accelerated_ai_load,540.31,96.0,120.73,20.27,1.329,111.71,58.82,600992.65,1364.25,601022.65,601032.65,601042.65,601052.65,601062.65,601072.65,601082.65,601092.65,601102.65,601112.65,601122.65,601132.65,601142.65,601152.65,601162.65,601172.65,601182.65,601192.65,601202.65,601212.65,601222.65,601232.65,601242.65
2026-09,2034-07,94,accelerated_ai_load,536.76,96.0,119.69,18.87,1.31,112.05,60.01,589105.1,1345.6,589135.1,589145.1,589155.1,589165.1,589175.1,589185.1,589195.1,589205.1,589215.1,589225.1,589235.1,589245.1,589255.1,589265.1,589275.1,589285.1,589295.1,589305.1,589315.1,589325.1,589335.1,589345.1,589355.1
2026-09,2034-08,95,accelerated_ai_load,549.64,96.0,121.77,13.6,1.314,112.71,62.89,603957.73,1381.07,603987.73,603997.73,604007.73,604017.73,604027.73,604037.73,604047.73,604057.73,604067.73,604077.73,604087.73,604097.73,604107.73,604117.73,604127.73,604137.73,604147.73,604157.73,604167.73,604177.73,604187.73,604197.73,604207.73
2026-09,2034-09,96,accelerated_ai_load,544.63,96.0,123.63,7.35,1.329,112.3,61.63,605476.33,1376.32,605506.33,605516.33,605526.33,605536.33,605546.33,605556.33,605566.33,605576.33,605586.33,605596.33,605606.33,605616.33,605626.33,605636.33,605646.33,605656.33,605666.33,605676.33,605686.33,605696.33,605706.33,605716.33,605726.33
2026-09,2034-10,97,accelerated_ai_load,549.7,96.0,121.77,2.43,1.336,113.01,61.12,605908.26,1376.25,605938.26,605948.26,605958.26,605968.26,605978.26,605988.26,605998.26,606008.26,606018.26,606028.26,606038.26,606048.26,606058.26,606068.26,606078.26,606088.26,606098.26,606108.26,606118.26,606128.26,606138.26,606148.26,606158.26
2026-09,2034-11,98,accelerated_ai_load,566.05,96.0,127.47,-3.72,1.314,112.06,63.46,612957.85,1397.07,612987.85,612997.85,613007.85,613017.85,613027.85,613037.85,613047.85,613057.85,613067.85,613077.85,613087.85,613097.85,613107.85,613117.85,613127.85,613137.85,613147.85,613157.85,613167.85,613177.85,613187.85,613197.85,613207.85
2026-09,2034-12,99,accelerated_ai_load,567.07,96.0,126.08,-4.97,1.32,112.18,68.56,613833.91,1398.85,613863.91,613873.91,613883.91,613893.91,613903.91,613913.91,613923.91,613933.91,613943.91,613953.91,613963.91,613973.91,613983.91,613993.91,614003.91,614013.91,614023.91,614033.91,614043.91,614053.91,614063.91,614073.91,614083.91
2026-09,2035-01,100,accelerated_ai_load,564.96,96.0,126.19,-4.36,1.301,111.75,70.0,607750.31,1390.0,607780.31,607790.31,607800.31,607810.31,607820.31,607830.31,607840.31,607850.31,607860.31,607870.31,607880.31,607890.31,607900.31,607910.31,607920.31,607930.31,607940.31,607950.31,607960.31,607970.31,607980.31,607990.31,608000.31
2026-09,2035-02,101,accelerated_ai_load,580.35,96.0,123.92,3.02,1.32,112.22,70.0,629547.5,1435.0,629577.5,629587.5,629597.5,629607.5,629617.5,629627.5,629637.5,629647.5,629657.5,629667.5,629677.5,629687.5,629697.5,629707.5,629717.5,629727.5,629737.5,629747.5,629757.5,629767.5,629777.5,629787.5,629797.5
2026-09,2035-03,102,accelerated_ai_load,571.11,96.0,123.61,9.39,1.323,112.36,69.52,625916.79,1420.77,625946.79,625956.79,625966.79,625976.79,625986.79,625996.79,626006.79,626016.79,626026.79,626036.79,626046.79,626056.79,626066.79,626076.79,626086.79,626096.79,626106.79,626116.79,626126.79,626136.79,626146.79,626156.79,626166.79
2026-09,2035-04,103,accelerated_ai_load,579.75,96.0,121.48,16.16,1.3,112.59,68.04,627699.22,1444.04,627729.22,627739.22,627749.22,627759.22,627769.22,627779.22,627789.22,627799.22,627809.22,627819.22,627829.22,627839.22,627849.22,627859.22,627869.22,627879.22,627889.22,627899.22,627909.22,627919.22,627929.22,627939.22,627949.22
2026-09,2035-05,104,accelerated_ai_load,581.83,96.0,120.41,19.44,1.319,112.98,65.51,639565.66,1455.68,639595.66,639605.66,639615.66,639625.66,639635.66,639645.66,639655.66,639665.66,639675.66,639685.66,639695.66,639705.66,639715.66,639725.66,639735.66,639745.66,639755.66,639765.66,639775.66,639785.66,639795.66,639805.66,639815.66
2026-09,2035-06,105,accelerated_ai_load,579.78,96.0,118.8,21.51,1.343,113.12,66.62,648333.88,1475.35,648363.88,648373.88,648383.88,648393.88,648403.88,648413.88,648423.88,648433.88,648443.88,648453.88,648463.88,648473.88,648483.88,648493.88,648503.88,648513.88,648523.88,648533.88,648543.88,648553.88,648563.88,648573.88,648583.88
2026-09,2035-07,106,accelerated_ai_load,593.65,96.0,118.33,18.14,1.316,113.27,64.1,647152.32,1477.67,647182.32,647192.32,647202.32,647212.32,647222.32,647232.32,647242.32,647252.32,647262.32,647272.32,647282.32,647292.32,647302.32,647312.32,647322.32,647332.32,647342.32,647352.32,647362.32,647372.32,647382.32,647392.32,647402.32
2026-09,2035-08,107,accelerated_ai_load,593.5,96.0,115.77,14.51,1.304,113.43,66.18,643179.9,1464.48,643209.9,643219.9,643229.9,643239.9,643249.9,643259.9,643269.9,643279.9,643289.9,643299.9,643309.9,643319.9,643329.9,643339.9,643349.9,643359.9,643369.9,643379.9,643389.9,643399.9,643409.9,643419.9,643429.9
2026-09,2035-09,108,accelerated_ai_load,598.26,96.0,116.02,8.22,1.314,112.45,61.79,645044.14,1462.22,645074.14,645084.14,645094.14,645104.14,645114.14,645124.14,645134.14,645144.14,645154.14,645164.14,645174.14,645184.14,645194.14,645204.14,645214.14,645224.14,645234.14,645244.14,645254.14,645264.14,645274.14,645284.14,645294.14
2026-09,2035-10,109,accelerated_ai_load,614.51,96.0,118.75,0.96,1.319,113.43,69.08,662243.79,1519.66,662273.79,662283.79,662293.79,662303.79,662313.79,662323.79,662333.79,662343.79,662353.79,662363.79,662373.79,662383.79,662393.79,662403.79,662413.79,662423.79,662433.79,662443.79,662453.79,662463.79,662473.79,662483.79,662493.79
2026-09,2035-11,110,accelerated_ai_load,602.02,96.0,118.59,-4.6,1.299,113.89,68.87,643653.43,1472.01,643683.43,643693.43,643703.43,643713.43,643723.43,643733.43,643743.43,643753.43,643763.43,643773.43,643783.43,643793.43,643803.43,643813.43,643823.43,643833.43,643843.43,643853.43,643863.43,643873.43,643883.43,643893.43,643903.43
2026-09,2035-12,111,accelerated_ai_load,606.65,96.0,121.72,-5.79,1.309,113.6,70.0,652410.39,1492.52,652440.39,652450.39,652460.39,652470.39,652480.39,652490.39,652500.39,652510.39,652520.39,652530.39,652540.39,652550.39,652560.39,652570.39,652580.39,652590.39,652600.39,652610.39,652620.39,652630.39,652640.39,652650.39,652660.39
2026-09,2036-01,112,accelerated_ai_load,617.4,96.0,124.46,-5.04,1.306,114.8,70.0,660226.45,1512.43,660256.45,660266.45,660276.45,660286.45,660296.45,660306.45,660316.45,660326.45,660336.45,660346.45,660356.45,660366.45,660376.45,660386.45,660396.45,660406.45,660416.45,660426.45,660436.45,660446.45,660456.45,660466.45,660476.45
2026-09,2036-02,113,accelerated_ai_load,615.45,96.0,125.83,2.16,1.321,113.66,70.0,666876.38,1507.7,666906.38,666916.38,666926.38,666936.38,666946.38,666956.38,666966.38,666976.38,666986.38,666996.38,667006.38,667016.38,667026.38,667036.38,667046.38,667056.38,667066.38,667076.38,667086.38,667096.38,667106.38,667116.38,667126.38
2026-09,2036-03,114,accelerated_ai_load,623.39,96.0,126.49,9.51,1.299,114.07,70.0,666882.98,1519.9,666912.98,666922.98,666932.98,666942.98,666952.98,666962.98,666972.98,666982.98,666992.98,667002.98,667012.98,667022.98,667032.98,667042.98,667052.98,667062.98,667072.98,667082.98,667092.98,667102.98,667112.98,667122.98,667132.98
2026-09,2036-04,115,accelerated_ai_load,632.66,96.0,127.55,12.56,1.328,114.91,70.0,688088.92,1573.84,688118.92,688128.92,688138.92,688148.92,688158.92,688168.92,688178.92,688188.92,688198.92,688208.92,688218.92,688228.92,688238.92,688248.92,688258.92,688268.92,688278.92,688288.92,688298.92,688308.92,688318.92,688328.92,688338.92
2026-09,2036-05,116,accelerated_ai_load,634.57,96.0,128.16,19.58,1.316,114.41,70.0,685628.54,1563.76,685658.54,685668.54,685678.54,685688.54,685698.54,685708.54,685718.54,685728.54,685738.54,685748.54,685758.54,685768.54,685778.54,685788.54,685798.54,685808.54,685818.54,685828.54,685838.54,685848.54,685858.54,685868.54,685878.54
2026-09,2036-06,117,accelerated_ai_load,638.65,96.0,128.46,20.14,1.328,114.09,67.7,698343.07,1585.63,698373.07,698383.07,698393.07,698403.07,698413.07,698423.07,698433.07,698443.07,698453.07,698463.07,698473.07,698483.07,698493.07,698503.07,698513.07,698523.07,698533.07,698543.07,698553.07,698563.07,698573.07,698583.07,698593.07
2026-09,2036-07,118,accelerated_ai_load,632.83,96.0,128.63,18.26,1.314,114.39,68.37,682047.15,1557.06,682077.15,682087.15,682097.15,682107.15,682117.15,682127.15,682137.15,682147.15,682157.15,682167.15,682177.15,682187.15,682197.15,682207.15,682217.15,682227.15,682237.15,682247.15,682257.15,682267.15,682277.15,682287.15,682297.15
2026-09,2036-08,119,accelerated_ai_load,642.86,96.0,127.34,16.27,1.311,114.85,70.0,691024.3,1574.06,691054.3,691064.3,691074.3,691084.3,691094.3,691104.3,691114.3,691124.3,691134.3,691144.3,691154.3,691164.3,691174.3,691184.3,691194.3,691204.3,691214.3,691224.3,691234.3,691244.3,691254.3,691264.3,691274.3
2026-09,2036-09,120,accelerated_ai_load,645.77,96.0,126.25,7.78,1.308,115.17,70.0,692144.99,1584.58,692174.99,692184.99,692194.99,692204.99,692214.99,692224.99,692234.99,692244.99,692254.99,692264.99,692274.99,692284.99,692294.99,692304.99,692314.99,692324.99,692334.99,692344.99,692354.99,692364.99,692374.99,692384.99,692394.99
2026-09,2036-10,121,accelerated_ai_load,657.64,96.0,125.34,3.44,1.32,115.3,70.0,707186.27,1619.2,707216.27,707226.27,707236.27,707246.27,707256.27,707266.27,707276.27,707286.27,707296.27,707306.27,707316.27,707326.27,707336.27,707346.27,707356.27,707366.27,707376.27,707386.27,707396.27,707406.27,707416.27,707426.27,707436.27
2026-09,2036-11,122,accelerated_ai_load,654.08,96.0,124.5,-2.03,1.317,116.17,70.0,700447.1,1597.67,700477.1,700487.1,700497.1,700507.1,700517.1,700527.1,700537.1,700547.1,700557.1,700567.1,700577.1,700587.1,700597.1,700607.1,700617.1,700627.1,700637.1,700647.1,700657.1,700667.1,700677.1,700687.1,700697.1
2026-09,2036-12,123,accelerated_ai_load,658.16,96.0,120.35,-4.82,1.313,115.39,70.0,705365.21,1616.11,705395.21,705405.21,705415.21,705425.21,705435.21,705445.21,705455.21,705465.21,705475.21,705485.21,705495.21,705505.21,705515.21,705525.21,705535.21,705545.21,705555.21,705565.21,705575.21,705585.21,705595.21,705605.21,705615.21
2026-09,2037-01,124,accelerated_ai_load,677.01,96.0,121.06,-3.04,1.299,115.02,70.0,711644.31,1621.92,711674.31,711684.31,711694.31,711704.31,711714.31,711724.31,711734.31,711744.31,711754.31,711764.31,711774.31,711784.31,711794.31,711804.31,711814.31,711824.31,711834.31,711844.31,711854.31,711864.31,711874.31,711884.31,711894.31
2026-09,2037-02,125,accelerated_ai_load,678.21,96.0,120.83,1.83,1.325,115.42,70.0,729553.31,1674.3,729583.31,729593.31,729603.31,729613.31,729623.31,729633.31,729643.31,729653.31,729663.31,729673.31,729683.31,729693.31,729703.31,729713.31,729723.31,729733.31,729743.31,729753.31,729763.31,729773.31,729783.31,729793.31,729803.31
2026-09,2037-03,126,accelerated_ai_load,680.27,96.0,121.35,7.47,1.309,115.81,70.0,724954.04,1665.96,724984.04,724994.04,725004.04,725014.04,725024.04,725034.04,725044.04,725054.04,725064.04,725074.04,725084.04,725094.04,725104.04,725114.04,725124.04,725134.04,725144.04,725154.04,725164.04,725174.04,725184.04,725194.04,725204.04
2026-09,2037-04,127,accelerated_ai_load,681.94,96.0,121.67,15.89,1.319,116.39,70.0,734705.78,1670.89,734735.78,734745.78,734755.78,734765.78,734775.78,734785.78,734795.78,734805.78,734815.78,734825.78,734835.78,734845.78,734855.78,734865.78,734875.78,734885.78,734895.78,734905.78,734915.78,734925.78,734935.78,734945.78,734955.78
2026-09,2037-05,128,accelerated_ai_load,682.7,96.0,120.72,18.15,1.312,116.01,70.0,733633.92,1678.07,733663.92,733673.92,733683.92,733693.92,733703.92,733713.92,733723.92,733733.92,733743.92,733753.92,733763.92,733773.92,733783.92,733793.92,733803.92,733813.92,733823.92,733833.92,733843.92,733853.92,733863.92,733873.92,733883.92
2026-09,2037-06,129,accelerated_ai_load,699.11,96.0,124.69,21.71,1.356,115.33,70.0,768889.5,1754.47,768919.5,768929.5,768939.5,768949.5,768959.5,768969.5,768979.5,768989.5,768999.5,769009.5,769019.5,769029.5,769039.5,769049.5,769059.5,769069.5,769079.5,769089.5,769099.5,769109.5,769119.5,769129.5,769139.5
2026-09,2037-07,130,accelerated_ai_load,690.26,96.0,124.81,18.06,1.332,115.69,70.0,748367.65,1705.91,748397.65,748407.65,748417.65,748427.65,748437.65,748447.65,748457.65,748467.65,748477.65,748487.65,748497.65,748507.65,748517.65,748527.65,748537.65,748547.65,748557.65,748567.65,748577.65,748587.65,748597.65,748607.65,748617.65
2026-09,2037-08,131,accelerated_ai_load,694.8,96.0,127.56,14.73,1.325,115.78,70.0,747678.82,1702.73,747708.82,747718.82,747728.82,747738.82,747748.82,747758.82,747768.82,747778.82,747788.82,747798.82,747808.82,747818.82,747828.82,747838.82,747848.82,747858.82,747868.82,747878.82,747888.82,747898.82,747908.82,747918.82,747928.82
2026-09,2037-09,132,accelerated_ai_load,706.13,96.0,131.11,6.14,1.306,116.53,70.0,748087.2,1706.93,748117.2,748127.2,748137.2,748147.2,748157.2,748167.2,748177.2,748187.2,748197.2,748207.2,748217.2,748227.2,748237.2,748247.2,748257.2,748267.2,748277.2,748287.2,748297.2,748307.2,748317.2,748327.2,748337.2
2026-09,2037-10,133,accelerated_ai_load,700.84,96.0,130.81,0.73,1.317,116.85,70.0,748502.29,1714.86,748532.29,748542.29,748552.29,748562.29,748572.29,748582.29,748592.29,748602.29,748612.29,748622.29,748632.29,748642.29,748652.29,748662.29,748672.29,748682.29,748692.29,748702.29,748712.29,748722.29,748732.29,748742.29,748752.29
2026-09,2037-11,134,accelerated_ai_load,701.53,96.0,131.91,-3.03,1.291,117.44,70.0,733113.4,1678.59,733143.4,733153.4,733163.4,733173.4,733183.4,733193.4,733203.4,733213.4,733223.4,733233.4,733243.4,733253.4,733263.4,733273.4,733283.4,733293.4,733303.4,733313.4,733323.4,733333.4,733343.4,733353.4,733363.4
2026-09,2037-12,135,accelerated_ai_load,713.29,96.0,131.2,-6.04,1.331,116.57,70.0,762516.65,1746.96,762546.65,762556.65,762566.65,762576.65,762586.65,762596.65,762606.65,762616.65,762626.65,762636.65,762646.65,762656.65,762666.65,762676.65,762686.65,762696.65,762706.65,762716.65,762726.65,762736.65,762746.65,762756.65,762766.65
2026-09,2038-01,136,accelerated_ai_load,724.34,96.0,132.63,-1.84,1.317,116.56,70.0,765678.71,1750.58,765708.71,765718.71,765728.71,765738.71,765748.71,765758.71,765768.71,765778.71,765788.71,765798.71,765808.71,765818.71,765828.71,765838.71,765848.71,765858.71,765868.71,765878.71,765888.71,765898.71,765908.71,765918.71,765928.71
2026-09,2038-02,137,accelerated_ai_load,721.41,96.0,129.8,0.91,1.302,116.86,70.0,757112.89,1740.22,757142.89,757152.89,757162.89,757172.89,757182.89,757192.89,757202.89,757212.89,757222.89,757232.89,757242.89,757252.89,757262.89,757272.89,757282.89,757292.89,757302.89,757312.89,757322.89,757332.89,757342.89,757352.89,757362.89
2026-09,2038-03,138,accelerated_ai_load,735.91,96.0,127.89,6.46,1.322,116.93,70.0,784465.59,1795.48,784495.59,784505.59,784515.59,784525.59,784535.59,784545.59,784555.59,784565.59,784575.59,784585.59,784595.59,784605.59,784615.59,784625.59,784635.59,784645.59,784655.59,784665.59,784675.59,784685.59,784695.59,784705.59,784715.59
2026-09,2038-04,139,accelerated_ai_load,738.26,96.0,126.91,16.28,1.307,116.62,70.0,781570.74,1781.11,781600.74,781610.74,781620.74,781630.74,781640.74,781650.74,781660.74,781670.74,781680.74,781690.74,781700.74,781710.74,781720.74,781730.74,781740.74,781750.74,781760.74,781770.74,781780.74,781790.74,781800.74,781810.74,781820.74
2026-09,2038-05,140,accelerated_ai_load,732.34,96.0,124.05,17.22,1.308,117.15,70.0,777376.2,1786.3,777406.2,777416.2,777426.2,777436.2,777446.2,777456.2,777466.2,777476.2,777486.2,777496.2,777506.2,777516.2,777526.2,777536.2,777546.2,777556.2,777566.2,777576.2,777586.2,777596.2,777606.2,777616.2,777626.2
2026-09,2038-06,141,accelerated_ai_load,738.02,96.0,122.15,21.02,1.342,116.96,70.0,801963.94,1837.31,801993.94,802003.94,802013.94,802023.94,802033.94,802043.94,802053.94,802063.94,802073.94,802083.94,802093.94,802103.94,802113.94,802123.94,802133.94,802143.94,802153.94,802163.94,802173.94,802183.94,802193.94,802203.94,802213.94
2026-09,2038-07,142,accelerated_ai_load,742.17,96.0,124.29,19.67,1.305,118.11,70.0,785415.38,1801.14,785445.38,785455.38,785465.38,785475.38,785485.38,785495.38,785505.38,785515.38,785525.38,785535.38,785545.38,785555.38,785565.38,785575.38,785585.38,785595.38,785605.38,785615.38,785625.38,785635.38,785645.38,785655.38,785665.38
2026-09,2038-08,143,accelerated_ai_load,749.59,96.0,122.31,13.98,1.306,117.64,70.0,791010.62,1810.22,791040.62,791050.62,791060.62,791070.62,791080.62,791090.62,791100.62,791110.62,791120.62,791130.62,791140.62,791150.62,791160.62,791170.62,791180.62,791190.62,791200.62,791210.62,791220.62,791230.62,791240.62,791250.62,791260.62
2026-09,2038-09,144,accelerated_ai_load,756.51,96.0,123.91,6.1,1.309,118.22,70.0,797378.73,1818.25,797408.73,797418.73,797428.73,797438.73,797448.73,797458.73,797468.73,797478.73,797488.73,797498.73,797508.73,797518.73,797528.73,797538.73,797548.73,797558.73,797568.73,797578.73,797588.73,797598.73,797608.73,797618.73,797628.73
2026-09,2038-10,145,accelerated_ai_load,762.38,96.0,123.19,1.09,1.328,117.52,70.0,812878.07,1859.66,812908.07,812918.07,812928.07,812938.07,812948.07,812958.07,812968.07,812978.07,812988.07,812998.07,813008.07,813018.07,813028.07,813038.07,813048.07,813058.07,813068.07,813078.07,813088.07,813098.07,813108.07,813118.07,813128.07
2026-09,2038-11,146,accelerated_ai_load,768.58,96.0,125.22,-2.82,1.346,117.93,70.0,828420.28,1898.19,828450.28,828460.28,828470.28,828480.28,828490.28,828500.28,828510.28,828520.28,828530.28,828540.28,828550.28,828560.28,828570.28,828580.28,828590.28,828600.28,828610.28,828620.28,828630.28,828640.28,828650.28,828660.28,828670.28
2026-09,2038-12,147,accelerated_ai_load,767.94,96.0,125.44,-6.52,1.319,118.22,70.0,811456.25,1848.05,811486.25,811496.25,811506.25,811516.25,811526.25,811536.25,811546.25,811556.25,811566.25,811576.25,811586.25,811596.25,811606.25,811616.25,811626.25,811636.25,811646.25,811656.25,811666.25,811676.25,811686.25,811696.25,811706.25
2026-09,2039-01,148,accelerated_ai_load,765.59,96.0,129.45,-2.66,1.307,118.21,70.0,800526.41,1830.82,800556.41,800566.41,800576.41,800586.41,800596.41,800606.41,800616.41,800626.41,800636.41,800646.41,800656.41,800666.41,800676.41,800686.41,800696.41,800706.41,800716.41,800726.41,800736.41,800746.41,800756.41,800766.41,800776.41
2026-09,2039-02,149,accelerated_ai_load,777.69,96.0,132.17,1.29,1.306,117.93,70.0,813999.48,1866.31,814029.48,814039.48,814049.48,814059.48,814069.48,814079.48,814089.48,814099.48,814109.48,814119.48,814129.48,814139.48,814149.48,814159.48,814169.48,814179.48,814189.48,814199.48,814209.48,814219.48,814229.48,814239.48,814249.48
2026-09,2039-03,150,accelerated_ai_load,773.95,96.0,133.78,8.18,1.304,118.71,70.0,811729.66,1857.27,811759.66,811769.66,811779.66,811789.66,811799.66,811809.66,811819.66,811829.66,811839.66,811849.66,811859.66,811869.66,811879.66,811889.66,811899.66,811909.66,811919.66,811929.66,811939.66,811949.66,811959.66,811969.66,811979.66
2026-09,2039-04,151,accelerated_ai_load,788.04,96.0,133.0,14.36,1.312,118.36,70.0,829516.09,1900.97,829546.09,829556.09,829566.09,829576.09,829586.09,829596.09,829606.09,829616.09,829626.09,829636.09,829646.09,829656.09,829666.09,829676.09,829686.09,829696.09,829706.09,829716.09,829726.09,829736.09,829746.09,829756.09,829766.09
2026-09,2039-05,152,accelerated_ai_load,787.47,96.0,135.76,18.69,1.322,118.83,70.0,837180.48,1915.73,837210.48,837220.48,837230.48,837240.48,837250.48,837260.48,837270.48,837280.48,837290.48,837300.48,837310.48,837320.48,837330.48,837340.48,837350.48,837360.48,837370.48,837380.48,837390.48,837400.48,837410.48,837420.48,837430.48
2026-09,2039-06,153,accelerated_ai_load,794.57,96.0,134.81,22.48,1.329,119.71,70.0,852152.58,1946.65,852182.58,852192.58,852202.58,852212.58,852222.58,852232.58,852242.58,852252.58,852262.58,852272.58,852282.58,852292.58,852302.58,852312.58,852322.58,852332.58,852342.58,852352.58,852362.58,852372.58,852382.58,852392.58,852402.58
2026-09,2039-07,154,accelerated_ai_load,795.77,96.0,134.2,19.59,1.323,118.83,70.0,848192.27,1940.91,848222.27,848232.27,848242.27,848252.27,848262.27,848272.27,848282.27,848292.27,848302.27,848312.27,848322.27,848332.27,848342.27,848352.27,848362.27,848372.27,848382.27,848392.27,848402.27,848412.27,848422.27,848432.27,848442.27
2026-09,2039-08,155,accelerated_ai_load,805.89,96.0,131.35,15.7,1.307,118.08,70.0,843197.75,1930.08,843227.75,843237.75,843247.75,843257.75,843267.75,843277.75,843287.75,843297.75,843307.75,843317.75,843327.75,843337.75,843347.75,843357.75,843367.75,843377.75,843387.75,843397.75,843407.75,843417.75,843427.75,843437.75,843447.75
2026-09,2039-09,156,accelerated_ai_load,808.62,96.0,130.4,8.26,1.314,118.85,70.0,848986.22,1943.35,849016.22,849026.22,849036.22,849046.22,849056.22,849066.22,849076.22,849086.22,849096.22,849106.22,849116.22,849126.22,849136.22,849146.22,849156.22,849166.22,849176.22,849186.22,849196.22,849206.22,849216.22,849226.22,849236.22
2026-09,2039-10,157,accelerated_ai_load,806.07,96.0,133.04,0.36,1.318,119.38,70.0,845551.32,1932.71,845581.32,845591.32,845601.32,845611.32,845621.32,845631.32,845641.32,845651.32,845661.32,845671.32,845681.32,845691.32,845701.32,845711.32,845721.32,845731.32,845741.32,845751.32,845761.32,845771.32,845781.32,845791.32,845801.32
2026-09,2039-11,158,accelerated_ai_load,813.34,96.0,128.42,-2.63,1.312,118.83,70.0,852819.34,1951.85,852849.34,852859.34,852869.34,852879.34,852889.34,852899.34,852909.34,852919.34,852929.34,852939.34,852949.34,852959.34,852969.34,852979.34,852989.34,852999.34,853009.34,853019.34,853029.34,853039.34,853049.34,853059.34,853069.34
2026-09,2039-12,159,accelerated_ai_load,813.53,96.0,127.07,-6.55,1.316,119.58,70.0,853826.66,1957.78,853856.66,853866.66,853876.66,853886.66,853896.66,853906.66,853916.66,853926.66,853936.66,853946.66,853956.66,853966.66,853976.66,853986.66,853996.66,854006.66,854016.66,854026.66,854036.66,854046.66,854056.66,854066.66,854076.66
2026-09,2040-01,160,accelerated_ai_load,824.86,96.0,127.64,-4.34,1.32,119.55,70.0,868372.41,1993.07,868402.41,868412.41,868422.41,868432.41,868442.41,868452.41,868462.41,868472.41,868482.41,868492.41,868502.41,868512.41,868522.41,868532.41,868542.41,868552.41,868562.41,868572.41,868582.41,868592.41,868602.41,868612.41,868622.41
2026-09,2040-02,161,accelerated_ai_load,819.07,96.0,126.08,1.74,1.324,119.76,70.0,866878.63,1976.06,866908.63,866918.63,866928.63,866938.63,866948.63,866958.63,866968.63,866978.63,866988.63,866998.63,867008.63,867018.63,867028.63,867038.63,867048.63,867058.63,867068.63,867078.63,867088.63,867098.63,867108.63,867118.63,867128.63
2026-09,2040-03,162,accelerated_ai_load,831.43,96.0,124.68,8.47,1.315,120.22,70.0,871595.07,1996.87,871625.07,871635.07,871645.07,871655.07,871665.07,871675.07,871685.07,871695.07,871705.07,871715.07,871725.07,871735.07,871745.07,871755.07,871765.07,871775.07,871785.07,871795.07,871805.07,871815.07,871825.07,871835.07,871845.07
2026-09,2040-04,163,accelerated_ai_load,831.99,96.0,126.34,13.83,1.322,119.71,70.0,880347.74,2012.13,880377.74,880387.74,880397.74,880407.74,880417.74,880427.74,880437.74,880447.74,880457.74,880467.74,880477.74,880487.74,880497.74,880507.74,880517.74,880527.74,880537.74,880547.74,880557.74,880567.74,880577.74,880587.74,880597.74
2026-09,2040-05,164,accelerated_ai_load,836.8,96.0,129.15,16.77,1.294,120.79,70.0,867192.48,1983.77,867222.48,867232.48,867242.48,867252.48,867262.48,867272.48,867282.48,867292.48,867302.48,867312.48,867322.48,867332.48,867342.48,867352.48,867362.48,867372.48,867382.48,867392.48,867402.48,867412.48,867422.48,867432.48,867442.48
2026-09,2040-06,165,accelerated_ai_load,838.22,96.0,129.19,20.73,1.33,120.5,70.0,891568.38,2036.62,891598.38,891608.38,891618.38,891628.38,891638.38,891648.38,891658.38,891668.38,891678.38,891688.38,891698.38,891708.38,891718.38,891728.38,891738.38,891748.38,891758.38,891768.38,891778.38,891788.38,891798.38,891808.38,891818.38
2026-09,2040-07,166,accelerated_ai_load,842.83,96.0,131.65,18.15,1.33,120.34,70.0,896148.61,2056.35,896178.61,896188.61,896198.61,896208.61,896218.61,896228.61,896238.61,896248.61,896258.61,896268.61,896278.61,896288.61,896298.61,896308.61,896318.61,896328.61,896338.61,896348.61,896358.61,896368.61,896378.61,896388.61,896398.61
2026-09,2040-08,167,accelerated_ai_load,853.3,96.0,132.62,13.34,1.334,120.29,70.0,905765.8,2070.92,905795.8,905805.8,905815.8,905825.8,905835.8,905845.8,905855.8,905865.8,905875.8,905885.8,905895.8,905905.8,905915.8,905925.8,905935.8,905945.8,905955.8,905965.8,905975.8,905985.8,905995.8,906005.8,906015.8
2026-09,2040-09,168,accelerated_ai_load,852.49,96.0,134.05,9.13,1.326,120.48,70.0,898477.67,2057.14,898507.67,898517.67,898527.67,898537.67,898547.67,898557.67,898567.67,898577.67,898587.67,898597.67,898607.67,898617.67,898627.67,898637.67,898647.67,898657.67,898667.67,898677.67,898687.67,898697.67,898707.67,898717.67,898727.67
2026-09,2040-10,169,accelerated_ai_load,857.22,96.0,136.56,0.45,1.321,121.24,70.0,900715.07,2066.6,900745.07,900755.07,900765.07,900775.07,900785.07,900795.07,900805.07,900815.07,900825.07,900835.07,900845.07,900855.07,900865.07,900875.07,900885.07,900895.07,900905.07,900915.07,900925.07,900935.07,900945.07,900955.07,900965.07
2026-09,2040-11,170,accelerated_ai_load,867.38,96.0,138.24,-3.1,1.309,121.48,70.0,901051.58,2071.91,901081.58,901091.58,901101.58,901111.58,901121.58,901131.58,901141.58,901151.58,901161.58,901171.58,901181.58,901191.58,901201.58,901211.58,901221.58,901231.58,901241.58,901251.58,901261.58,901271.58,901281.58,901291.58,901301.58
2026-09,2040-12,171,accelerated_ai_load,868.97,96.0,136.05,-4.0,1.336,121.09,70.0,919986.82,2098.65,920016.82,920026.82,920036.82,920046.82,920056.82,920066.82,920076.82,920086.82,920096.82,920106.82,920116.82,920126.82,920136.82,920146.82,920156.82,920166.82,920176.82,920186.82,920196.82,920206.82,920216.82,920226.82,920236.82
2026-09,2041-01,172,accelerated_ai_load,872.18,96.0,138.02,-3.25,1.319,121.4,70.0,912952.69,2095.17,912982.69,912992.69,913002.69,913012.69,913022.69,913032.69,913042.69,913052.69,913062.69,913072.69,913082.69,913092.69,913102.69,913112.69,913122.69,913132.69,913142.69,913152.69,913162.69,913172.69,913182.69,913192.69,913202.69
2026-09,2041-02,173,accelerated_ai_load,875.12,96.0,137.61,0.33,1.315,120.77,70.0,914965.6,2092.34,914995.6,915005.6,915015.6,915025.6,915035.6,915045.6,915055.6,915065.6,915075.6,915085.6,915095.6,915105.6,915115.6,915125.6,915135.6,915145.6,915155.6,915165.6,915175.6,915185.6,915195.6,915205.6,915215.6
2026-09,2041-03,174,accelerated_ai_load,880.09,96.0,135.99,6.49,1.307,121.42,70.0,914758.26,2110.01,914788.26,914798.26,914808.26,914818.26,914828.26,914838.26,914848.26,914858.26,914868.26,914878.26,914888.26,914898.26,914908.26,914918.26,914928.26,914938.26,914948.26,914958.26,914968.26,914978.26,914988.26,914998.26,915008.26
2026-09,2041-04,175,accelerated_ai_load,878.08,96.0,133.32,14.18,1.324,121.43,70.0,927311.97,2119.12,927341.97,927351.97,927361.97,927371.97,927381.97,927391.97,927401.97,927411.97,927421.97,927431.97,927441.97,927451.97,927461.97,927471.97,927481.97,927491.97,927501.97,927511.97,927521.97,927531.97,927541.97,927551.97,927561.97
2026-09,2041-05,176,accelerated_ai_load,886.18,96.0,132.88,19.18,1.31,121.79,70.0,927823.74,2127.36,927853.74,927863.74,927873.74,927883.74,927893.74,927903.74,927913.74,927923.74,927933.74,927943.74,927953.74,927963.74,927973.74,927983.74,927993.74,928003.74,928013.74,928023.74,928033.74,928043.74,928053.74,928063.74,928073.74
2026-09,2041-06,177,accelerated_ai_load,889.44,96.0,131.15,21.06,1.299,122.33,70.0,926366.86,2114.48,926396.86,926406.86,926416.86,926426.86,926436.86,926446.86,926456.86,926466.86,926476.86,926486.86,926496.86,926506.86,926516.86,926526.86,926536.86,926546.86,926556.86,926566.86,926576.86,926586.86,926596.86,926606.86,926616.86
2026-09,2041-07,178,accelerated_ai_load,894.16,96.0,127.11,18.02,1.31,121.91,70.0,938019.55,2148.3,938049.55,938059.55,938069.55,938079.55,938089.55,938099.55,938109.55,938119.55,938129.55,938139.55,938149.55,938159.55,938169.55,938179.55,938189.55,938199.55,938209.55,938219.55,938229.55,938239.55,938249.55,938259.55,938269.55
2026-09,2041-08,179,accelerated_ai_load,907.51,96.0,129.44,14.84,1.319,122.14,70.0,951443.69,2170.7,951473.69,951483.69,951493.69,951503.69,951513.69,951523.69,951533.69,951543.69,951553.69,951563.69,951573.69,951583.69,951593.69,951603.69,951613.69,951623.69,951633.69,951643.69,951653.69,951663.69,951673.69,951683.69,951693.69
2026-09,2041-09,180,accelerated_ai_load,903.81,96.0,129.88,8.3,1.303,121.87,70.0,937896.11,2156.51,937926.11,937936.11,937946.11,937956.11,937966.11,937976.11,937986.11,937996.11,938006.11,938016.11,938026.11,938036.11,938046.11,938056.11,938066.11,938076.11,938086.11,938096.11,938106.11,938116.11,938126.11,938136.11,938146.11
2026-09,2041-10,181,accelerated_ai_load,904.99,96.0,129.75,2.26,1.324,122.52,70.0,949833.77,2174.85,949863.77,949873.77,949883.77,949893.77,949903.77,949913.77,949923.77,949933.77,949943.77,949953.77,949963.77,949973.77,949983.77,949993.77,950003.77,950013.77,950023.77,950033.77,950043.77,950053.77,950063.77,950073.77,950083.77
2026-09,2041-11,182,accelerated_ai_load,905.92,96.0,130.35,-4.55,1.309,121.81,70.0,941048.23,2159.95,941078.23,941088.23,941098.23,941108.23,941118.23,941128.23,941138.23,941148.23,941158.23,941168.23,941178.23,941188.23,941198.23,941208.23,941218.23,941228.23,941238.23,941248.23,941258.23,941268.23,941278.23,941288.23,941298.23
2026-09,2041-12,183,accelerated_ai_load,914.41,96.0,132.01,-5.68,1.324,122.3,70.0,957782.58,2206.69,957812.58,957822.58,957832.58,957842.58,957852.58,957862.58,957872.58,957882.58,957892.58,957902.58,957912.58,957922.58,957932.58,957942.58,957952.58,957962.58,957972.58,957982.58,957992.58,958002.58,958012.58,958022.58,958032.58
2026-09,2042-01,184,accelerated_ai_load,917.09,96.0,135.8,-2.04,1.312,122.9,70.0,951604.94,2181.23,951634.94,951644.94,951654.94,951664.94,951674.94,951684.94,951694.94,951704.94,951714.94,951724.94,951734.94,951744.94,951754.94,951764.94,951774.94,951784.94,951794.94,951804.94,951814.94,951824.94,951834.94,951844.94,951854.94
2026-09,2042-02,185,accelerated_ai_load,921.88,96.0,140.14,0.11,1.316,123.0,70.0,959648.26,2195.65,959678.26,959688.26,959698.26,959708.26,959718.26,959728.26,959738.26,959748.26,959758.26,959768.26,959778.26,959788.26,959798.26,959808.26,959818.26,959828.26,959838.26,959848.26,959858.26,959868.26,959878.26,959888.26,959898.26
2026-09,2042-03,186,accelerated_ai_load,929.7,96.0,139.39,7.6,1.315,122.71,70.0,967559.18,2217.89,967589.18,967599.18,967609.18,967619.18,967629.18,967639.18,967649.18,967659.18,967669.18,967679.18,967689.18,967699.18,967709.18,967719.18,967729.18,967739.18,967749.18,967759.18,967769.18,967779.18,967789.18,967799.18,967809.18
2026-09,2042-04,187,accelerated_ai_load,927.12,96.0,139.08,14.56,1.304,123.32,70.0,959227.38,2206.81,959257.38,959267.38,959277.38,959287.38,959297.38,959307.38,959317.38,959327.38,959337.38,959347.38,959357.38,959367.38,959377.38,959387.38,959397.38,959407.38,959417.38,959427.38,959437.38,959447.38,959457.38,959467.38,959477.38
2026-09,2042-05,188,accelerated_ai_load,936.21,96.0,140.68,19.02,1.323,123.24,70.0,981202.8,2252.77,981232.8,981242.8,981252.8,981262.8,981272.8,981282.8,981292.8,981302.8,981312.8,981322.8,981332.8,981342.8,981352.8,981362.8,981372.8,981382.8,981392.8,981402.8,981412.8,981422.8,981432.8,981442.8,981452.8
2026-09,2042-06,189,accelerated_ai_load,939.36,96.0,140.56,19.58,1.323,123.91,70.0,986202.18,2256.62,986232.18,986242.18,986252.18,986262.18,986272.18,986282.18,986292.18,986302.18,986312.18,986322.18,986332.18,986342.18,986352.18,986362.18,986372.18,986382.18,986392.18,986402.18,986412.18,986422.18,986432.18,986442.18,986452.18
2026-09,2042-07,190,accelerated_ai_load,943.64,96.0,140.71,20.2,1.301,123.27,70.0,977472.12,2234.76,977502.12,977512.12,977522.12,977532.12,977542.12,977552.12,977562.12,977572.12,977582.12,977592.12,977602.12,977612.12,977622.12,977632.12,977642.12,977652.12,977662.12,977672.12,977682.12,977692.12,977702.12,977712.12,977722.12
2026-09,2042-08,191,accelerated_ai_load,956.43,96.0,140.24,14.23,1.311,122.91,70.0,992384.63,2284.73,992414.63,992424.63,992434.63,992444.63,992454.63,992464.63,992474.63,992484.63,992494.63,992504.63,992514.63,992524.63,992534.63,992544.63,992554.63,992564.63,992574.63,992584.63,992594.63,992604.63,992614.63,992624.63,992634.63
2026-09,2042-09,192,accelerated_ai_load,954.25,96.0,138.56,10.24,1.303,123.27,70.0,983207.06,2260.23,983237.06,983247.06,983257.06,983267.06,983277.06,983287.06,983297.06,983307.06,983317.06,983327.06,983337.06,983347.06,983357.06,983367.06,983377.06,983387.06,983397.06,983407.06,983417.06,983427.06,983437.06,983447.06,983457.06
2026-09,2042-10,193,accelerated_ai_load,956.15,96.0,136.92,2.84,1.301,123.88,70.0,979944.82,2258.89,979974.82,979984.82,979994.82,980004.82,980014.82,980024.82,980034.82,980044.82,980054.82,980064.82,980074.82,980084.82,980094.82,980104.82,980114.82,980124.82,980134.82,980144.82,980154.82,980164.82,980174.82,980184.82,980194.82
2026-09,2042-11,194,accelerated_ai_load,968.23,96.0,134.59,-2.36,1.326,124.19,70.0,1008303.96,2312.45,1008333.96,1008343.96,1008353.96,1008363.96,1008373.96,1008383.96,1008393.96,1008403.96,1008413.96,1008423.96,1008433.96,1008443.96,1008453.96,1008463.96,1008473.96,1008483.96,1008493.96,1008503.96,1008513.96,1008523.96,1008533.96,1008543.96,1008553.96
2026-09,2042-12,195,accelerated_ai_load,964.0,96.0,133.31,-5.91,1.291,123.79,70.0,979606.8,2255.66,979636.8,979646.8,979656.8,979666.8,979676.8,979686.8,979696.8,979706.8,979716.8,979726.8,979736.8,979746.8,979756.8,979766.8,979776.8,979786.8,979796.8,979806.8,979816.8,979826.8,979836.8,979846.8,979856.8
2026-09,2043-01,196,accelerated_ai_load,971.25,96.0,132.93,-2.91,1.325,123.68,70.0,1014011.24,2330.38,1014041.24,1014051.24,1014061.24,1014071.24,1014081.24,1014091.24,1014101.24,1014111.24,1014121.24,1014131.24,1014141.24,1014151.24,1014161.24,1014171.24,1014181.24,1014191.24,1014201.24,1014211.24,1014221.24,1014231.24,1014241.24,1014251.24,1014261.24
2026-09,2043-02,197,accelerated_ai_load,971.44,96.0,131.38,0.96,1.306,124.43,70.0,1003044.74,2307.95,1003074.74,1003084.74,1003094.74,1003104.74,1003114.74,1003124.74,1003134.74,1003144.74,1003154.74,1003164.74,1003174.74,1003184.74,1003194.74,1003204.74,1003214.74,1003224.74,1003234.74,1003244.74,1003254.74,1003264.74,1003274.74,1003284.74,1003294.74
2026-09,2043-03,198,accelerated_ai_load,975.79,96.0,132.28,9.1,1.309,125.6,70.0,1009058.93,2317.96,1009088.93,1009098.93,1009108.93,1009118.93,1009128.93,1009138.93,1009148.93,1009158.93,1009168.93,1009178.93,1009188.93,1009198.93,1009208.93,1009218.93,1009228.93,1009238.93,1009248.93,1009258.93,1009268.93,1009278.93,1009288.93,1009298.93,1009308.93
2026-09,2043-04,199,accelerated_ai_load,974.79,96.0,134.24,14.9,1.313,124.56,70.0,1011884.01,2326.99,1011914.01,1011924.01,1011934.01,1011944.01,1011954.01,1011964.01,1011974.01,1011984.01,1011994.01,1012004.01,1012014.01,1012024.01,1012034.01,1012044.01,1012054.01,1012064.01,1012074.01,1012084.01,1012094.01,1012104.01,1012114.01,1012124.01,1012134.01
2026-09,2043-05,200,accelerated_ai_load,985.72,96.0,133.93,19.93,1.311,124.4,70.0,1023705.36,2347.87,1023735.36,1023745.36,1023755.36,1023765.36,1023775.36,1023785.36,1023795.36,1023805.36,1023815.36,1023825.36,1023835.36,1023845.36,1023855.36,1023865.36,1023875.36,1023885.36,1023895.36,1023905.36,1023915.36,1023925.36,1023935.36,1023945.36,1023955.36
2026-09,2043-06,201,accelerated_ai_load,991.77,96.0,135.9,22.19,1.347,124.47,70.0,1054031.65,2412.89,1054061.65,1054071.65,1054081.65,1054091.65,1054101.65,1054111.65,1054121.65,1054131.65,1054141.65,1054151.65,1054161.65,1054171.65,1054181.65,1054191.65,1054201.65,1054211.65,1054221.65,1054231.65,1054241.65,1054251.65,1054261.65,1054271.65,1054281.65
2026-09,2043-07,202,accelerated_ai_load,999.7,96.0,136.03,19.63,1.306,124.85,70.0,1033531.28,2380.0,1033561.28,1033571.28,1033581.28,1033591.28,1033601.28,1033611.28,1033621.28,1033631.28,1033641.28,1033651.28,1033661.28,1033671.28,1033681.28,1033691.28,1033701.28,1033711.28,1033721.28,1033731.28,1033741.28,1033751.28,1033761.28,1033771.28,1033781.28
2026-09,2043-08,203,accelerated_ai_load,989.49,96.0,139.97,15.17,1.307,124.67,70.0,1024476.27,2357.1,1024506.27,1024516.27,1024526.27,1024536.27,1024546.27,1024556.27,1024566.27,1024576.27,1024586.27,1024596.27,1024606.27,1024616.27,1024626.27,1024636.27,1024646.27,1024656.27,1024666.27,1024676.27,1024686.27,1024696.27,1024706.27,1024716.27,1024726.27
2026-09,2043-09,204,accelerated_ai_load,1005.02,96.0,140.4,6.0,1.308,125.25,70.0,1037954.28,2378.38,1037984.28,1037994.28,1038004.28,1038014.28,1038024.28,1038034.28,1038044.28,1038054.28,1038064.28,1038074.28,1038084.28,1038094.28,1038104.28,1038114.28,1038124.28,1038134.28,1038144.28,1038154.28,1038164.28,1038174.28,1038184.28,1038194.28,1038204.28
2026-09,2043-10,205,accelerated_ai_load,1001.47,96.0,141.66,2.51,1.322,125.14,70.0,1041147.83,2381.81,1041177.83,1041187.83,1041197.83,1041207.83,1041217.83,1041227.83,1041237.83,1041247.83,1041257.83,1041267.83,1041277.83,1041287.83,1041297.83,1041307.83,1041317.83,1041327.83,1041337.83,1041347.83,1041357.83,1041367.83,1041377.83,1041387.83,1041397.83
2026-09,2043-11,206,accelerated_ai_load,1015.06,96.0,143.44,-3.25,1.313,125.71,70.0,1048304.06,2415.98,1048334.06,1048344.06,1048354.06,1048364.06,1048374.06,1048384.06,1048394.06,1048404.06,1048414.06,1048424.06,1048434.06,1048444.06,1048454.06,1048464.06,1048474.06,1048484.06,1048494.06,1048504.06,1048514.06,1048524.06,1048534.06,1048544.06,1048554.06
2026-09,2043-12,207,accelerated_ai_load,1014.32,96.0,143.59,-5.38,1.333,124.96,70.0,1059324.95,2441.23,1059354.95,1059364.95,1059374.95,1059384.95,1059394.95,1059404.95,1059414.95,1059424.95,1059434.95,1059444.95,1059454.95,1059464.95,1059474.95,1059484.95,1059494.95,1059504.95,1059514.95,1059524.95,1059534.95,1059544.95,1059554.95,1059564.95,1059574.95
2026-09,2044-01,208,accelerated_ai_load,1016.49,96.0,141.29,-4.13,1.309,126.33,70.0,1046118.8,2402.07,1046148.8,1046158.8,1046168.8,1046178.8,1046188.8,1046198.8,1046208.8,1046218.8,1046228.8,1046238.8,1046248.8,1046258.8,1046268.8,1046278.8,1046288.8,1046298.8,1046308.8,1046318.8,1046328.8,1046338.8,1046348.8,1046358.8,1046368.8
2026-09,2044-02,209,accelerated_ai_load,1021.71,96.0,141.06,0.64,1.322,125.8,70.0,1058311.24,2433.1,1058341.24,1058351.24,1058361.24,1058371.24,1058381.24,1058391.24,1058401.24,1058411.24,1058421.24,1058431.24,1058441.24,1058451.24,1058461.24,1058471.24,1058481.24,1058491.24,1058501.24,1058511.24,1058521.24,1058531.24,1058541.24,1058551.24,1058561.24
2026-09,2044-03,210,accelerated_ai_load,1029.42,96.0,141.06,7.72,1.302,126.03,70.0,1055045.98,2410.66,1055075.98,1055085.98,1055095.98,1055105.98,1055115.98,1055125.98,1055135.98,1055145.98,1055155.98,1055165.98,1055175.98,1055185.98,1055195.98,1055205.98,1055215.98,1055225.98,1055235.98,1055245.98,1055255.98,1055265.98,1055275.98,1055285.98,1055295.98
2026-09,2044-04,211,accelerated_ai_load,1035.25,96.0,137.53,16.72,1.315,125.79,70.0,1069806.41,2462.72,1069836.41,1069846.41,1069856.41,1069866.41,1069876.41,1069886.41,1069896.41,1069906.41,1069916.41,1069926.41,1069936.41,1069946.41,1069956.41,1069966.41,1069976.41,1069986.41,1069996.41,1070006.41,1070016.41,1070026.41,1070036.41,1070046.41,1070056.41
2026-09,2044-05,212,accelerated_ai_load,1035.11,96.0,136.59,18.96,1.304,125.56,70.0,1064159.58,2446.13,1064189.58,1064199.58,1064209.58,1064219.58,1064229.58,1064239.58,1064249.58,1064259.58,1064269.58,1064279.58,1064289.58,1064299.58,1064309.58,1064319.58,1064329.58,1064339.58,1064349.58,1064359.58,1064369.58,1064379.58,1064389.58,1064399.58,1064409.58
2026-09,2044-06,213,accelerated_ai_load,1039.82,96.0,135.74,21.75,1.348,126.28,70.0,1101382.64,2524.34,1101412.64,1101422.64,1101432.64,1101442.64,1101452.64,1101462.64,1101472.64,1101482.64,1101492.64,1101502.64,1101512.64,1101522.64,1101532.64,1101542.64,1101552.64,1101562.64,1101572.64,1101582.64,1101592.64,1101602.64,1101612.64,1101622.64,1101632.64
2026-09,2044-07,214,accelerated_ai_load,1044.41,96.0,133.63,18.66,1.31,125.83,70.0,1080812.56,2483.5,1080842.56,1080852.56,1080862.56,1080872.56,1080882.56,1080892.56,1080902.56,1080912.56,1080922.56,1080932.56,1080942.56,1080952.56,1080962.56,1080972.56,1080982.56,1080992.56,1081002.56,1081012.56,1081022.56,1081032.56,1081042.56,1081052.56,1081062.56
2026-09,2044-08,215,accelerated_ai_load,1046.68,96.0,133.0,13.96,1.321,125.91,70.0,1088027.31,2488.85,1088057.31,1088067.31,1088077.31,1088087.31,1088097.31,1088107.31,1088117.31,1088127.31,1088137.31,1088147.31,1088157.31,1088167.31,1088177.31,1088187.31,1088197.31,1088207.31,1088217.31,1088227.31,1088237.31,1088247.31,1088257.31,1088267.31,1088277.31
2026-09,2044-09,216,accelerated_ai_load,1064.06,96.0,135.73,6.7,1.313,126.07,70.0,1093439.97,2522.94,1093469.97,1093479.97,1093489.97,1093499.97,1093509.97,1093519.97,1093529.97,1093539.97,1093549.97,1093559.97,1093569.97,1093579.97,1093589.97,1093599.97,1093609.97,1093619.97,1093629.97,1093639.97,1093649.97,1093659.97,1093669.97,1093679.97,1093689.97
2026-09,2044-10,217,accelerated_ai_load,1063.76,96.0,134.9,2.18,1.322,125.77,70.0,1100987.25,2531.23,1101017.25,1101027.25,1101037.25,1101047.25,1101057.25,1101067.25,1101077.25,1101087.25,1101097.25,1101107.25,1101117.25,1101127.25,1101137.25,1101147.25,1101157.25,1101167.25,1101177.25,1101187.25,1101197.25,1101207.25,1101217.25,1101227.25,1101237.25
2026-09,2044-11,218,accelerated_ai_load,1064.22,96.0,138.32,-4.21,1.32,127.18,70.0,1101327.16,2544.57,1101357.16,1101367.16,1101377.16,1101387.16,1101397.16,1101407.16,1101417.16,1101427.16,1101437.16,1101447.16,1101457.16,1101467.16,1101477.16,1101487.16,1101497.16,1101507.16,1101517.16,1101527.16,1101537.16,1101547.16,1101557.16,1101567.16,1101577.16
2026-09,2044-12,219,accelerated_ai_load,1064.79,96.0,137.94,-5.39,1.318,126.33,70.0,1098894.69,2534.89,1098924.69,1098934.69,1098944.69,1098954.69,1098964.69,1098974.69,1098984.69,1098994.69,1099004.69,1099014.69,1099024.69,1099034.69,1099044.69,1099054.69,1099064.69,1099074.69,1099084.69,1099094.69,1099104.69,1099114.69,1099124.69,1099134.69,1099144.69
2026-09,2045-01,220,accelerated_ai_load,1062.44,96.0,139.07,-2.53,1.32,127.41,70.0,1098207.96,2526.28,1098237.96,1098247.96,1098257.96,1098267.96,1098277.96,1098287.96,1098297.96,1098307.96,1098317.96,1098327.96,1098337.96,1098347.96,1098357.96,1098367.96,1098377.96,1098387.96,1098397.96,1098407.96,1098417.96,1098427.96,1098437.96,1098447.96,1098457.96
2026-09,2045-02,221,accelerated_ai_load,1080.79,96.0,141.79,1.91,1.31,127.23,70.0,1105678.94,2534.73,1105708.94,1105718.94,1105728.94,1105738.94,1105748.94,1105758.94,1105768.94,1105778.94,1105788.94,1105798.94,1105808.94,1105818.94,1105828.94,1105838.94,1105848.94,1105858.94,1105868.94,1105878.94,1105888.94,1105898.94,1105908.94,1105918.94,1105928.94
2026-09,2045-03,222,accelerated_ai_load,1072.87,96.0,145.6,8.12,1.302,128.06,70.0,1096619.39,2519.44,1096649.39,1096659.39,1096669.39,1096679.39,1096689.39,1096699.39,1096709.39,1096719.39,1096729.39,1096739.39,1096749.39,1096759.39,1096769.39,1096779.39,1096789.39,1096799.39,1096809.39,1096819.39,1096829.39,1096839.39,1096849.39,1096859.39,1096869.39
2026-09,2045-04,223,accelerated_ai_load,1081.88,96.0,144.25,13.7,1.312,127.41,70.0,1114027.87,2559.93,1114057.87,1114067.87,1114077.87,1114087.87,1114097.87,1114107.87,1114117.87,1114127.87,1114137.87,1114147.87,1114157.87,1114167.87,1114177.87,1114187.87,1114197.87,1114207.87,1114217.87,1114227.87,1114237.87,1114247.87,1114257.87,1114267.87,1114277.87
2026-09,2045-05,224,accelerated_ai_load,1083.89,96.0,145.64,18.22,1.328,127.16,70.0,1129034.9,2593.05,1129064.9,1129074.9,1129084.9,1129094.9,1129104.9,1129114.9,1129124.9,1129134.9,1129144.9,1129154.9,1129164.9,1129174.9,1129184.9,1129194.9,1129204.9,1129214.9,1129224.9,1129234.9,1129244.9,1129254.9,1129264.9,1129274.9,1129284.9
2026-09,2045-06,225,accelerated_ai_load,1087.69,96.0,146.96,21.39,1.333,127.1,70.0,1137727.54,2604.29,1137757.54,1137767.54,1137777.54,1137787.54,1137797.54,1137807.54,1137817.54,1137827.54,1137837.54,1137847.54,1137857.54,1137867.54,1137877.54,1137887.54,1137897.54,1137907.54,1137917.54,1137927.54,1137937.54,1137947.54,1137957.54,1137967.54,1137977.54
2026-09,2045-07,226,accelerated_ai_load,1097.23,96.0,146.23,18.68,1.328,128.05,70.0,1143034.59,2624.23,1143064.59,1143074.59,1143084.59,1143094.59,1143104.59,1143114.59,1143124.59,1143134.59,1143144.59,1143154.59,1143164.59,1143174.59,1143184.59,1143194.59,1143204.59,1143214.59,1143224.59,1143234.59,1143244.59,1143254.59,1143264.59,1143274.59,1143284.59
2026-09,2045-08,227,accelerated_ai_load,1111.24,96.0,145.28,13.47,1.308,127.71,70.0,1140805.11,2624.96,1140835.11,1140845.11,1140855.11,1140865.11,1140875.11,1140885.11,1140895.11,1140905.11,1140915.11,1140925.11,1140935.11,1140945.11,1140955.11,1140965.11,1140975.11,1140985.11,1140995.11,1141005.11,1141015.11,1141025.11,1141035.11,1141045.11,1141055.11
2026-09,2045-09,228,accelerated_ai_load,1106.05,96.0,143.94,7.58,1.32,127.98,70.0,1142656.88,2623.0,1142686.88,1142696.88,1142706.88,1142716.88,1142726.88,1142736.88,1142746.88,1142756.88,1142766.88,1142776.88,1142786.88,1142796.88,1142806.88,1142816.88,1142826.88,1142836.88,1142846.88,1142856.88,1142866.88,1142876.88,1142886.88,1142896.88,1142906.88
2026-09,2045-10,229,accelerated_ai_load,1118.32,96.0,141.04,1.22,1.323,128.39,70.0,1156227.72,2649.53,1156257.72,1156267.72,1156277.72,1156287.72,1156297.72,1156307.72,1156317.72,1156327.72,1156337.72,1156347.72,1156357.72,1156367.72,1156377.72,1156387.72,1156397.72,1156407.72,1156417.72,1156427.72,1156437.72,1156447.72,1156457.72,1156467.72,1156477.72
2026-09,2045-11,230,accelerated_ai_load,1111.01,96.0,141.76,-3.09,1.332,128.36,70.0,1153216.42,2638.6,1153246.42,1153256.42,1153266.42,1153276.42,1153286.42,1153296.42,1153306.42,1153316.42,1153326.42,1153336.42,1153346.42,1153356.42,1153366.42,1153376.42,1153386.42,1153396.42,1153406.42,1153416.42,1153426.42,1153436.42,1153446.42,1153456.42,1153466.42
2026-09,2045-12,231,accelerated_ai_load,1126.6,96.0,138.99,-5.54,1.317,128.09,70.0,1154893.99,2664.11,1154923.99,1154933.99,1154943.99,1154953.99,1154963.99,1154973.99,1154983.99,1154993.99,1155003.99,1155013.99,1155023.99,1155033.99,1155043.99,1155053.99,1155063.99,1155073.99,1155083.99,1155093.99,1155103.99,1155113.99,1155123.99,1155133.99,1155143.99
2026-09,2046-01,232,accelerated_ai_load,1120.23,96.0,138.39,-3.38,1.318,128.73,70.0,1150548.78,2658.43,1150578.78,1150588.78,1150598.78,1150608.78,1150618.78,1150628.78,1150638.78,1150648.78,1150658.78,1150668.78,1150678.78,1150688.78,1150698.78,1150708.78,1150718.78,1150728.78,1150738.78,1150748.78,1150758.78,1150768.78,1150778.78,1150788.78,1150798.78
2026-09,2046-02,233,accelerated_ai_load,1130.53,96.0,137.33,0.25,1.315,128.5,70.0,1159999.24,2666.97,1160029.24,1160039.24,1160049.24,1160059.24,1160069.24,1160079.24,1160089.24,1160099.24,1160109.24,1160119.24,1160129.24,1160139.24,1160149.24,1160159.24,1160169.24,1160179.24,1160189.24,1160199.24,1160209.24,1160219.24,1160229.24,1160239.24,1160249.24
2026-09,2046-03,234,accelerated_ai_load,1140.1,96.0,137.39,8.99,1.312,128.93,70.0,1168363.63,2687.75,1168393.63,1168403.63,1168413.63,1168423.63,1168433.63,1168443.63,1168453.63,1168463.63,1168473.63,1168483.63,1168493.63,1168503.63,1168513.63,1168523.63,1168533.63,1168543.63,1168553.63,1168563.63,1168573.63,1168583.63,1168593.63,1168603.63,1168613.63
2026-09,2046-04,235,accelerated_ai_load,1137.18,96.0,137.35,15.23,1.285,128.57,70.0,1148924.63,2644.26,1148954.63,1148964.63,1148974.63,1148984.63,1148994.63,1149004.63,1149014.63,1149024.63,1149034.63,1149044.63,1149054.63,1149064.63,1149074.63,1149084.63,1149094.63,1149104.63,1149114.63,1149124.63,1149134.63,1149144.63,1149154.63,1149164.63,1149174.63
2026-09,2046-05,236,accelerated_ai_load,1136.5,96.0,140.41,18.82,1.311,129.04,70.0,1169167.48,2685.99,1169197.48,1169207.48,1169217.48,1169227.48,1169237.48,1169247.48,1169257.48,1169267.48,1169277.48,1169287.48,1169297.48,1169307.48,1169317.48,1169327.48,1169337.48,1169347.48,1169357.48,1169367.48,1169377.48,1169387.48,1169397.48,1169407.48,1169417.48
2026-09,2046-06,237,accelerated_ai_load,1134.82,96.0,139.54,19.01,1.311,128.65,70.0,1169141.99,2686.49,1169171.99,1169181.99,1169191.99,1169201.99,1169211.99,1169221.99,1169231.99,1169241.99,1169251.99,1169261.99,1169271.99,1169281.99,1169291.99,1169301.99,1169311.99,1169321.99,1169331.99,1169341.99,1169351.99,1169361.99,1169371.99,1169381.99,1169391.99
2026-09,2046-07,238,accelerated_ai_load,1153.17,96.0,140.29,20.42,1.318,127.96,70.0,1188437.29,2729.31,1188467.29,1188477.29,1188487.29,1188497.29,1188507.29,1188517.29,1188527.29,1188537.29,1188547.29,1188557.29,1188567.29,1188577.29,1188587.29,1188597.29,1188607.29,1188617.29,1188627.29,1188637.29,1188647.29,1188657.29,1188667.29,1188677.29,1188687.29
2026-09,2046-08,239,accelerated_ai_load,1150.65,96.0,147.01,14.64,1.32,129.88,70.0,1185940.4,2728.77,1185970.4,1185980.4,1185990.4,1186000.4,1186010.4,1186020.4,1186030.4,1186040.4,1186050.4,1186060.4,1186070.4,1186080.4,1186090.4,1186100.4,1186110.4,1186120.4,1186130.4,1186140.4,1186150.4,1186160.4,1186170.4,1186180.4,1186190.4
2026-09,2046-09,240,accelerated_ai_load,1154.12,96.0,145.73,7.39,1.313,129.72,70.0,1185109.99,2725.84,1185139.99,1185149.99,1185159.99,1185169.99,1185179.99,1185189.99,1185199.99,1185209.99,1185219.99,1185229.99,1185239.99,1185249.99,1185259.99,1185269.99,1185279.99,1185289.99,1185299.99,1185309.99,1185319.99,1185329.99,1185339.99,1185349.99,1185359.99
2026-09,2046-10,241,accelerated_ai_load,1159.64,96.0,149.39,3.16,1.325,129.53,70.0,1198615.29,2761.23,1198645.29,1198655.29,1198665.29,1198675.29,1198685.29,1198695.29,1198705.29,1198715.29,1198725.29,1198735.29,1198745.29,1198755.29,1198765.29,1198775.29,1198785.29,1198795.29,1198805.29,1198815.29,1198825.29,1198835.29,1198845.29,1198855.29,1198865.29
2026-09,2046-11,242,accelerated_ai_load,1172.75,96.0,148.37,-3.03,1.327,130.04,70.0,1210013.69,2784.5,1210043.69,1210053.69,1210063.69,1210073.69,1210083.69,1210093.69,1210103.69,1210113.69,1210123.69,1210133.69,1210143.69,1210153.69,1210163.69,1210173.69,1210183.69,1210193.69,1210203.69,1210213.69,1210223.69,1210233.69,1210243.69,1210253.69,1210263.69
2026-09,2046-12,243,accelerated_ai_load,1169.2,96.0,148.48,-5.88,1.314,129.96,70.0,1196043.75,2742.56,1196073.75,1196083.75,1196093.75,1196103.75,1196113.75,1196123.75,1196133.75,1196143.75,1196153.75,1196163.75,1196173.75,1196183.75,1196193.75,1196203.75,1196213.75,1196223.75,1196233.75,1196243.75,1196253.75,1196263.75,1196273.75,1196283.75,1196293.75
2026-12,2027-01,1,uncertain_connection,184.47,68.97,107.87,-3.13,1.311,101.69,30.08,194101.78,435.4,194131.78,194141.78,194151.78,194161.78,194171.78,194181.78,194191.78,194201.78,194211.78,194221.78,194231.78,194241.78,194251.78,194261.78,194271.78,194281.78,194291.78,194301.78,194311.78,194321.78,194331.78,194341.78,194351.78
2026-12,2027-02,2,accelerated_ai_load,197.12,75.42,108.86,3.34,1.307,101.33,32.76,216692.54,493.85,216722.54,216732.54,216742.54,216752.54,216762.54,216772.54,216782.54,216792.54,216802.54,216812.54,216822.54,216832.54,216842.54,216852.54,216862.54,216872.54,216882.54,216892.54,216902.54,216912.54,216922.54,216932.54,216942.54
2026-12,2027-03,3,accelerated_ai_load,196.12,76.7,111.18,9.05,1.315,101.97,30.84,220349.56,513.04,220379.56,220389.56,220399.56,220409.56,220419.56,220429.56,220439.56,220449.56,220459.56,220469.56,220479.56,220489.56,220499.56,220509.56,220519.56,220529.56,220539.56,220549.56,220559.56,220569.56,220579.56,220589.56,220599.56
2026-12,2027-04,4,accelerated_ai_load,201.78,77.15,111.03,14.01,1.319,102.18,29.47,229032.22,515.93,229062.22,229072.22,229082.22,229092.22,229102.22,229112.22,229122.22,229132.22,229142.22,229152.22,229162.22,229172.22,229182.22,229192.22,229202.22,229212.22,229222.22,229232.22,229242.22,229252.22,229262.22,229272.22,229282.22
2026-12,2027-05,5,accelerated_ai_load,197.59,80.45,111.33,19.5,1.339,101.45,33.57,236189.27,528.16,236219.27,236229.27,236239.27,236249.27,236259.27,236269.27,236279.27,236289.27,236299.27,236309.27,236319.27,236329.27,236339.27,236349.27,236359.27,236369.27,236379.27,236389.27,236399.27,236409.27,236419.27,236429.27,236439.27
2026-12,2027-06,6,accelerated_ai_load,204.41,79.98,112.32,20.77,1.317,102.4,27.0,237567.38,539.14,237597.38,237607.38,237617.38,237627.38,237637.38,237647.38,237657.38,237667.38,237677.38,237687.38,237697.38,237707.38,237717.38,237727.38,237737.38,237747.38,237757.38,237767.38,237777.38,237787.38,237797.38,237807.38,237817.38
2026-12,2027-07,7,accelerated_ai_load,209.03,79.78,112.54,20.25,1.314,101.2,25.68,240980.14,546.14,241010.14,241020.14,241030.14,241040.14,241050.14,241060.14,241070.14,241080.14,241090.14,241100.14,241110.14,241120.14,241130.14,241140.14,241150.14,241160.14,241170.14,241180.14,241190.14,241200.14,241210.14,241220.14,241230.14
2026-12,2027-08,8,accelerated_ai_load,213.32,72.16,112.83,14.85,1.311,102.62,23.73,227134.38,519.73,227164.38,227174.38,227184.38,227194.38,227204.38,227214.38,227224.38,227234.38,227244.38,227254.38,227264.38,227274.38,227284.38,227294.38,227304.38,227314.38,227324.38,227334.38,227344.38,227354.38,227364.38,227374.38,227384.38
2026-12,2027-09,9,accelerated_ai_load,223.54,72.21,110.99,8.76,1.297,102.89,26.46,231529.76,535.08,231559.76,231569.76,231579.76,231589.76,231599.76,231609.76,231619.76,231629.76,231639.76,231649.76,231659.76,231669.76,231679.76,231689.76,231699.76,231709.76,231719.76,231729.76,231739.76,231749.76,231759.76,231769.76,231779.76
2026-12,2027-10,10,uncertain_connection,222.79,70.6,106.72,2.24,1.303,102.52,33.85,226167.02,536.25,226197.02,226207.02,226217.02,226227.02,226237.02,226247.02,226257.02,226267.02,226277.02,226287.02,226297.02,226307.02,226317.02,226327.02,226337.02,226347.02,226357.02,226367.02,226377.02,226387.02,226397.02,226407.02,226417.02
2026-12,2027-11,11,accelerated_ai_load,223.06,73.46,107.34,-2.6,1.317,102.76,30.12,236035.68,534.15,236065.68,236075.68,236085.68,236095.68,236105.68,236115.68,236125.68,236135.68,236145.68,236155.68,236165.68,236175.68,236185.68,236195.68,236205.68,236215.68,236225.68,236235.68,236245.68,236255.68,236265.68,236275.68,236285.68
2026-12,2027-12,12,uncertain_connection,227.64,62.04,104.09,-4.13,1.303,103.01,39.37,208710.88,490.45,208740.88,208750.88,208760.88,208770.88,208780.88,208790.88,208800.88,208810.88,208820.88,208830.88,208840.88,208850.88,208860.88,208870.88,208880.88,208890.88,208900.88,208910.88,208920.88,208930.88,208940.88,208950.88,208960.88
2026-12,2028-01,13,accelerated_ai_load,227.55,74.7,105.04,-2.53,1.32,102.74,35.1,241336.44,557.98,241366.44,241376.44,241386.44,241396.44,241406.44,241416.44,241426.44,241436.44,241446.44,241456.44,241466.44,241476.44,241486.44,241496.44,241506.44,241516.44,241526.44,241536.44,241546.44,241556.44,241566.44,241576.44,241586.44
2026-12,2028-02,14,accelerated_ai_load,238.82,76.19,104.88,0.03,1.319,102.34,39.5,254990.89,579.33,255020.89,255030.89,255040.89,255050.89,255060.89,255070.89,255080.89,255090.89,255100.89,255110.89,255120.89,255130.89,255140.89,255150.89,255160.89,255170.89,255180.89,255190.89,255200.89,255210.89,255220.89,255230.89,255240.89
2026-12,2028-03,15,accelerated_ai_load,242.43,80.78,103.96,9.11,1.305,103.61,39.6,271108.04,611.01,271138.04,271148.04,271158.04,271168.04,271178.04,271188.04,271198.04,271208.04,271218.04,271228.04,271238.04,271248.04,271258.04,271268.04,271278.04,271288.04,271298.04,271308.04,271318.04,271328.04,271338.04,271348.04,271358.04
2026-12,2028-04,16,accelerated_ai_load,258.97,79.83,104.2,14.47,1.305,103.11,33.7,281227.31,642.26,281257.31,281267.31,281277.31,281287.31,281297.31,281307.31,281317.31,281327.31,281337.31,281347.31,281357.31,281367.31,281377.31,281387.31,281397.31,281407.31,281417.31,281427.31,281437.31,281447.31,281457.31,281467.31,281477.31
2026-12,2028-05,17,accelerated_ai_load,250.84,89.6,106.11,21.55,1.319,103.22,31.25,301735.21,681.85,301765.21,301775.21,301785.21,301795.21,301805.21,301815.21,301825.21,301835.21,301845.21,301855.21,301865.21,301875.21,301885.21,301895.21,301905.21,301915.21,301925.21,301935.21,301945.21,301955.21,301965.21,301975.21,301985.21
2026-12,2028-06,18,accelerated_ai_load,258.39,86.22,106.97,20.0,1.316,103.85,34.1,302401.48,670.63,302431.48,302441.48,302451.48,302461.48,302471.48,302481.48,302491.48,302501.48,302511.48,302521.48,302531.48,302541.48,302551.48,302561.48,302571.48,302581.48,302591.48,302601.48,302611.48,302621.48,302631.48,302641.48,302651.48
2026-12,2028-07,19,accelerated_ai_load,270.76,94.85,109.28,19.28,1.307,104.01,33.74,325936.59,735.22,325966.59,325976.59,325986.59,325996.59,326006.59,326016.59,326026.59,326036.59,326046.59,326056.59,326066.59,326076.59,326086.59,326096.59,326106.59,326116.59,326126.59,326136.59,326146.59,326156.59,326166.59,326176.59,326186.59
2026-12,2028-08,20,accelerated_ai_load,265.89,96.0,113.25,15.27,1.301,103.45,30.8,327471.5,724.47,327501.5,327511.5,327521.5,327531.5,327541.5,327551.5,327561.5,327571.5,327581.5,327591.5,327601.5,327611.5,327621.5,327631.5,327641.5,327651.5,327661.5,327671.5,327681.5,327691.5,327701.5,327711.5,327721.5
2026-12,2028-09,21,accelerated_ai_load,271.06,92.08,113.59,9.07,1.311,104.06,30.04,318520.9,722.96,318550.9,318560.9,318570.9,318580.9,318590.9,318600.9,318610.9,318620.9,318630.9,318640.9,318650.9,318660.9,318670.9,318680.9,318690.9,318700.9,318710.9,318720.9,318730.9,318740.9,318750.9,318760.9,318770.9
2026-12,2028-10,22,accelerated_ai_load,269.7,91.91,114.21,-0.02,1.33,104.37,32.39,322351.17,718.15,322381.17,322391.17,322401.17,322411.17,322421.17,322431.17,322441.17,322451.17,322461.17,322471.17,322481.17,322491.17,322501.17,322511.17,322521.17,322531.17,322541.17,322551.17,322561.17,322571.17,322581.17,322591.17,322601.17
2026-12,2028-11,23,accelerated_ai_load,282.84,92.36,115.95,-2.97,1.295,103.66,37.85,325113.05,725.28,325143.05,325153.05,325163.05,325173.05,325183.05,325193.05,325203.05,325213.05,325223.05,325233.05,325243.05,325253.05,325263.05,325273.05,325283.05,325293.05,325303.05,325313.05,325323.05,325333.05,325343.05,325353.05,325363.05
2026-12,2028-12,24,accelerated_ai_load,276.95,89.14,114.71,-6.26,1.318,104.39,38.77,319487.5,715.61,319517.5,319527.5,319537.5,319547.5,319557.5,319567.5,319577.5,319587.5,319597.5,319607.5,319617.5,319627.5,319637.5,319647.5,319657.5,319667.5,319677.5,319687.5,319697.5,319707.5,319717.5,319727.5,319737.5
2026-12,2029-01,25,accelerated_ai_load,286.74,82.9,116.36,-3.56,1.305,103.76,39.79,307785.7,703.03,307815.7,307825.7,307835.7,307845.7,307855.7,307865.7,307875.7,307885.7,307895.7,307905.7,307915.7,307925.7,307935.7,307945.7,307955.7,307965.7,307975.7,307985.7,307995.7,308005.7,308015.7,308025.7,308035.7
2026-12,2029-02,26,accelerated_ai_load,296.68,90.21,116.79,1.82,1.313,104.71,37.67,338327.06,765.78,338357.06,338367.06,338377.06,338387.06,338397.06,338407.06,338417.06,338427.06,338437.06,338447.06,338457.06,338467.06,338477.06,338487.06,338497.06,338507.06,338517.06,338527.06,338537.06,338547.06,338557.06,338567.06,338577.06
2026-12,2029-03,27,accelerated_ai_load,292.21,95.13,114.73,8.28,1.295,104.63,40.06,345363.17,776.91,345393.17,345403.17,345413.17,345423.17,345433.17,345443.17,345453.17,345463.17,345473.17,345483.17,345493.17,345503.17,345513.17,345523.17,345533.17,345543.17,345553.17,345563.17,345573.17,345583.17,345593.17,345603.17,345613.17
2026-12,2029-04,28,accelerated_ai_load,292.81,92.17,113.43,13.81,1.31,104.47,42.28,344049.99,774.4,344079.99,344089.99,344099.99,344109.99,344119.99,344129.99,344139.99,344149.99,344159.99,344169.99,344179.99,344189.99,344199.99,344209.99,344219.99,344229.99,344239.99,344249.99,344259.99,344269.99,344279.99,344289.99,344299.99
2026-12,2029-05,29,accelerated_ai_load,309.18,96.0,114.49,19.18,1.324,104.97,40.47,375162.15,848.97,375192.15,375202.15,375212.15,375222.15,375232.15,375242.15,375252.15,375262.15,375272.15,375282.15,375292.15,375302.15,375312.15,375322.15,375332.15,375342.15,375352.15,375362.15,375372.15,375382.15,375392.15,375402.15,375412.15
2026-12,2029-06,30,accelerated_ai_load,306.7,96.0,109.13,18.24,1.309,105.21,37.62,368080.35,835.1,368110.35,368120.35,368130.35,368140.35,368150.35,368160.35,368170.35,368180.35,368190.35,368200.35,368210.35,368220.35,368230.35,368240.35,368250.35,368260.35,368270.35,368280.35,368290.35,368300.35,368310.35,368320.35,368330.35
2026-12,2029-07,31,accelerated_ai_load,318.57,96.0,108.4,19.66,1.327,105.44,35.01,381907.88,866.36,381937.88,381947.88,381957.88,381967.88,381977.88,381987.88,381997.88,382007.88,382017.88,382027.88,382037.88,382047.88,382057.88,382067.88,382077.88,382087.88,382097.88,382107.88,382117.88,382127.88,382137.88,382147.88,382157.88
2026-12,2029-08,32,accelerated_ai_load,317.35,96.0,107.7,14.52,1.306,105.64,34.94,376767.59,849.48,376797.59,376807.59,376817.59,376827.59,376837.59,376847.59,376857.59,376867.59,376877.59,376887.59,376897.59,376907.59,376917.59,376927.59,376937.59,376947.59,376957.59,376967.59,376977.59,376987.59,376997.59,377007.59,377017.59
2026-12,2029-09,33,accelerated_ai_load,316.86,96.0,108.58,8.5,1.307,105.65,38.81,373775.47,839.57,373805.47,373815.47,373825.47,373835.47,373845.47,373855.47,373865.47,373875.47,373885.47,373895.47,373905.47,373915.47,373925.47,373935.47,373945.47,373955.47,373965.47,373975.47,373985.47,373995.47,374005.47,374015.47,374025.47
2026-12,2029-10,34,accelerated_ai_load,331.29,96.0,108.61,3.31,1.295,105.76,41.21,385610.59,868.84,385640.59,385650.59,385660.59,385670.59,385680.59,385690.59,385700.59,385710.59,385720.59,385730.59,385740.59,385750.59,385760.59,385770.59,385780.59,385790.59,385800.59,385810.59,385820.59,385830.59,385840.59,385850.59,385860.59
2026-12,2029-11,35,accelerated_ai_load,326.91,96.0,110.65,-2.05,1.295,105.41,42.74,377476.21,846.96,377506.21,377516.21,377526.21,377536.21,377546.21,377556.21,377566.21,377576.21,377586.21,377596.21,377606.21,377616.21,377626.21,377636.21,377646.21,377656.21,377666.21,377676.21,377686.21,377696.21,377706.21,377716.21,377726.21
2026-12,2029-12,36,accelerated_ai_load,335.4,96.0,109.01,-4.82,1.307,106.28,47.29,388802.37,882.0,388832.37,388842.37,388852.37,388862.37,388872.37,388882.37,388892.37,388902.37,388912.37,388922.37,388932.37,388942.37,388952.37,388962.37,388972.37,388982.37,388992.37,389002.37,389012.37,389022.37,389032.37,389042.37,389052.37
2026-12,2030-01,37,accelerated_ai_load,338.05,96.0,112.74,-2.79,1.326,105.57,48.53,396827.23,897.6,396857.23,396867.23,396877.23,396887.23,396897.23,396907.23,396917.23,396927.23,396937.23,396947.23,396957.23,396967.23,396977.23,396987.23,396997.23,397007.23,397017.23,397027.23,397037.23,397047.23,397057.23,397067.23,397077.23
2026-12,2030-02,38,accelerated_ai_load,340.89,96.0,114.85,0.84,1.313,106.01,48.06,396731.66,896.56,396761.66,396771.66,396781.66,396791.66,396801.66,396811.66,396821.66,396831.66,396841.66,396851.66,396861.66,396871.66,396881.66,396891.66,396901.66,396911.66,396921.66,396931.66,396941.66,396951.66,396961.66,396971.66,396981.66
2026-12,2030-03,39,accelerated_ai_load,344.97,92.04,116.76,8.03,1.298,106.21,47.29,387451.72,878.29,387481.72,387491.72,387501.72,387511.72,387521.72,387531.72,387541.72,387551.72,387561.72,387571.72,387581.72,387591.72,387601.72,387611.72,387621.72,387631.72,387641.72,387651.72,387661.72,387671.72,387681.72,387691.72,387701.72
2026-12,2030-04,40,accelerated_ai_load,351.6,92.72,116.7,15.71,1.298,106.14,44.33,395839.31,895.48,395869.31,395879.31,395889.31,395899.31,395909.31,395919.31,395929.31,395939.31,395949.31,395959.31,395969.31,395979.31,395989.31,395999.31,396009.31,396019.31,396029.31,396039.31,396049.31,396059.31,396069.31,396079.31,396089.31
2026-12,2030-05,41,accelerated_ai_load,352.42,96.0,118.6,20.04,1.324,106.26,43.66,414612.28,926.99,414642.28,414652.28,414662.28,414672.28,414682.28,414692.28,414702.28,414712.28,414722.28,414732.28,414742.28,414752.28,414762.28,414772.28,414782.28,414792.28,414802.28,414812.28,414822.28,414832.28,414842.28,414852.28,414862.28
2026-12,2030-06,42,accelerated_ai_load,358.12,96.0,119.74,19.07,1.311,106.69,42.07,418447.53,943.15,418477.53,418487.53,418497.53,418507.53,418517.53,418527.53,418537.53,418547.53,418557.53,418567.53,418577.53,418587.53,418597.53,418607.53,418617.53,418627.53,418637.53,418647.53,418657.53,418667.53,418677.53,418687.53,418697.53
2026-12,2030-07,43,accelerated_ai_load,363.86,96.0,118.56,19.79,1.304,107.15,44.26,420725.65,949.17,420755.65,420765.65,420775.65,420785.65,420795.65,420805.65,420815.65,420825.65,420835.65,420845.65,420855.65,420865.65,420875.65,420885.65,420895.65,420905.65,420915.65,420925.65,420935.65,420945.65,420955.65,420965.65,420975.65
2026-12,2030-08,44,accelerated_ai_load,371.98,96.0,118.95,14.68,1.323,106.58,44.11,430833.84,983.01,430863.84,430873.84,430883.84,430893.84,430903.84,430913.84,430923.84,430933.84,430943.84,430953.84,430963.84,430973.84,430983.84,430993.84,431003.84,431013.84,431023.84,431033.84,431043.84,431053.84,431063.84,431073.84,431083.84
2026-12,2030-09,45,accelerated_ai_load,376.09,96.0,114.85,6.36,1.324,107.01,40.91,435085.25,989.81,435115.25,435125.25,435135.25,435145.25,435155.25,435165.25,435175.25,435185.25,435195.25,435205.25,435215.25,435225.25,435235.25,435245.25,435255.25,435265.25,435275.25,435285.25,435295.25,435305.25,435315.25,435325.25,435335.25
2026-12,2030-10,46,accelerated_ai_load,372.14,96.0,115.3,2.52,1.292,107.11,45.77,422811.94,957.83,422841.94,422851.94,422861.94,422871.94,422881.94,422891.94,422901.94,422911.94,422921.94,422931.94,422941.94,422951.94,422961.94,422971.94,422981.94,422991.94,423001.94,423011.94,423021.94,423031.94,423041.94,423051.94,423061.94
2026-12,2030-11,47,accelerated_ai_load,372.91,96.0,113.47,-1.52,1.305,106.91,45.18,425996.49,963.42,426026.49,426036.49,426046.49,426056.49,426066.49,426076.49,426086.49,426096.49,426106.49,426116.49,426126.49,426136.49,426146.49,426156.49,426166.49,426176.49,426186.49,426196.49,426206.49,426216.49,426226.49,426236.49,426246.49
2026-12,2030-12,48,accelerated_ai_load,379.62,96.0,110.97,-5.5,1.299,107.4,49.22,433970.35,975.96,434000.35,434010.35,434020.35,434030.35,434040.35,434050.35,434060.35,434070.35,434080.35,434090.35,434100.35,434110.35,434120.35,434130.35,434140.35,434150.35,434160.35,434170.35,434180.35,434190.35,434200.35,434210.35,434220.35
2026-12,2031-01,49,accelerated_ai_load,397.91,96.0,109.65,-3.0,1.314,107.41,51.16,451629.05,1023.11,451659.05,451669.05,451679.05,451689.05,451699.05,451709.05,451719.05,451729.05,451739.05,451749.05,451759.05,451769.05,451779.05,451789.05,451799.05,451809.05,451819.05,451829.05,451839.05,451849.05,451859.05,451869.05,451879.05
2026-12,2031-02,50,accelerated_ai_load,387.14,96.0,110.26,2.7,1.303,106.97,53.52,438453.97,990.83,438483.97,438493.97,438503.97,438513.97,438523.97,438533.97,438543.97,438553.97,438563.97,438573.97,438583.97,438593.97,438603.97,438613.97,438623.97,438633.97,438643.97,438653.97,438663.97,438673.97,438683.97,438693.97,438703.97
2026-12,2031-03,51,accelerated_ai_load,405.03,96.0,110.7,6.62,1.327,107.51,54.23,463365.69,1049.59,463395.69,463405.69,463415.69,463425.69,463435.69,463445.69,463455.69,463465.69,463475.69,463485.69,463495.69,463505.69,463515.69,463525.69,463535.69,463545.69,463555.69,463565.69,463575.69,463585.69,463595.69,463605.69,463615.69
2026-12,2031-04,52,accelerated_ai_load,401.9,96.0,109.24,13.01,1.32,107.95,49.77,463304.54,1055.74,463334.54,463344.54,463354.54,463364.54,463374.54,463384.54,463394.54,463404.54,463414.54,463424.54,463434.54,463444.54,463454.54,463464.54,463474.54,463484.54,463494.54,463504.54,463514.54,463524.54,463534.54,463544.54,463554.54
2026-12,2031-05,53,accelerated_ai_load,409.42,96.0,113.26,20.72,1.323,108.45,45.67,469988.56,1060.46,470018.56,470028.56,470038.56,470048.56,470058.56,470068.56,470078.56,470088.56,470098.56,470108.56,470118.56,470128.56,470138.56,470148.56,470158.56,470168.56,470178.56,470188.56,470198.56,470208.56,470218.56,470228.56,470238.56
2026-12,2031-06,54,accelerated_ai_load,416.72,96.0,116.08,20.07,1.318,107.69,49.28,476634.88,1083.51,476664.88,476674.88,476684.88,476694.88,476704.88,476714.88,476724.88,476734.88,476744.88,476754.88,476764.88,476774.88,476784.88,476794.88,476804.88,476814.88,476824.88,476834.88,476844.88,476854.88,476864.88,476874.88,476884.88
2026-12,2031-07,55,accelerated_ai_load,413.21,96.0,115.28,20.15,1.313,108.58,45.87,470797.26,1064.86,470827.26,470837.26,470847.26,470857.26,470867.26,470877.26,470887.26,470897.26,470907.26,470917.26,470927.26,470937.26,470947.26,470957.26,470967.26,470977.26,470987.26,470997.26,471007.26,471017.26,471027.26,471037.26,471047.26
2026-12,2031-08,56,accelerated_ai_load,412.7,96.0,116.97,14.73,1.316,107.39,47.28,469785.39,1066.88,469815.39,469825.39,469835.39,469845.39,469855.39,469865.39,469875.39,469885.39,469895.39,469905.39,469915.39,469925.39,469935.39,469945.39,469955.39,469965.39,469975.39,469985.39,469995.39,470005.39,470015.39,470025.39,470035.39
2026-12,2031-09,57,accelerated_ai_load,423.42,96.0,121.35,8.55,1.32,108.09,49.21,476291.61,1075.41,476321.61,476331.61,476341.61,476351.61,476361.61,476371.61,476381.61,476391.61,476401.61,476411.61,476421.61,476431.61,476441.61,476451.61,476461.61,476471.61,476481.61,476491.61,476501.61,476511.61,476521.61,476531.61,476541.61
2026-12,2031-10,58,accelerated_ai_load,434.33,96.0,120.08,1.58,1.319,108.79,49.58,490506.67,1117.2,490536.67,490546.67,490556.67,490566.67,490576.67,490586.67,490596.67,490606.67,490616.67,490626.67,490636.67,490646.67,490656.67,490666.67,490676.67,490686.67,490696.67,490706.67,490716.67,490726.67,490736.67,490746.67,490756.67
2026-12,2031-11,59,accelerated_ai_load,433.41,96.0,121.24,-2.82,1.308,108.15,53.68,481581.83,1087.19,481611.83,481621.83,481631.83,481641.83,481651.83,481661.83,481671.83,481681.83,481691.83,481701.83,481711.83,481721.83,481731.83,481741.83,481751.83,481761.83,481771.83,481781.83,481791.83,481801.83,481811.83,481821.83,481831.83
2026-12,2031-12,60,accelerated_ai_load,435.69,96.0,122.0,-3.63,1.315,109.07,55.88,488277.33,1109.19,488307.33,488317.33,488327.33,488337.33,488347.33,488357.33,488367.33,488377.33,488387.33,488397.33,488407.33,488417.33,488427.33,488437.33,488447.33,488457.33,488467.33,488477.33,488487.33,488497.33,488507.33,488517.33,488527.33
2026-12,2032-01,61,accelerated_ai_load,429.0,96.0,121.89,-3.57,1.305,108.74,56.69,478974.14,1091.12,479004.14,479014.14,479024.14,479034.14,479044.14,479054.14,479064.14,479074.14,479084.14,479094.14,479104.14,479114.14,479124.14,479134.14,479144.14,479154.14,479164.14,479174.14,479184.14,479194.14,479204.14,479214.14,479224.14
2026-12,2032-02,62,accelerated_ai_load,453.51,96.0,121.29,0.83,1.317,108.55,57.29,507094.09,1155.23,507124.09,507134.09,507144.09,507154.09,507164.09,507174.09,507184.09,507194.09,507204.09,507214.09,507224.09,507234.09,507244.09,507254.09,507264.09,507274.09,507284.09,507294.09,507304.09,507314.09,507324.09,507334.09,507344.09
2026-12,2032-03,63,accelerated_ai_load,451.34,96.0,119.54,8.32,1.306,108.7,54.27,502019.58,1141.13,502049.58,502059.58,502069.58,502079.58,502089.58,502099.58,502109.58,502119.58,502129.58,502139.58,502149.58,502159.58,502169.58,502179.58,502189.58,502199.58,502209.58,502219.58,502229.58,502239.58,502249.58,502259.58,502269.58
2026-12,2032-04,64,accelerated_ai_load,454.3,96.0,115.28,14.46,1.306,109.04,55.85,508645.45,1153.63,508675.45,508685.45,508695.45,508705.45,508715.45,508725.45,508735.45,508745.45,508755.45,508765.45,508775.45,508785.45,508795.45,508805.45,508815.45,508825.45,508835.45,508845.45,508855.45,508865.45,508875.45,508885.45,508895.45
2026-12,2032-05,65,accelerated_ai_load,453.99,96.0,116.25,21.14,1.346,109.91,53.87,521990.57,1183.17,522020.57,522030.57,522040.57,522050.57,522060.57,522070.57,522080.57,522090.57,522100.57,522110.57,522120.57,522130.57,522140.57,522150.57,522160.57,522170.57,522180.57,522190.57,522200.57,522210.57,522220.57,522230.57,522240.57
2026-12,2032-06,66,accelerated_ai_load,458.28,96.0,114.62,22.76,1.365,110.01,49.8,534105.17,1197.92,534135.17,534145.17,534155.17,534165.17,534175.17,534185.17,534195.17,534205.17,534215.17,534225.17,534235.17,534245.17,534255.17,534265.17,534275.17,534285.17,534295.17,534305.17,534315.17,534325.17,534335.17,534345.17,534355.17
2026-12,2032-07,67,accelerated_ai_load,465.11,96.0,111.17,18.81,1.293,109.07,50.43,516659.85,1174.87,516689.85,516699.85,516709.85,516719.85,516729.85,516739.85,516749.85,516759.85,516769.85,516779.85,516789.85,516799.85,516809.85,516819.85,516829.85,516839.85,516849.85,516859.85,516869.85,516879.85,516889.85,516899.85,516909.85
2026-12,2032-08,68,accelerated_ai_load,474.79,96.0,114.77,13.57,1.319,109.68,48.56,533920.43,1212.48,533950.43,533960.43,533970.43,533980.43,533990.43,534000.43,534010.43,534020.43,534030.43,534040.43,534050.43,534060.43,534070.43,534080.43,534090.43,534100.43,534110.43,534120.43,534130.43,534140.43,534150.43,534160.43,534170.43
2026-12,2032-09,69,accelerated_ai_load,473.8,96.0,111.76,8.72,1.32,110.0,53.21,529810.78,1200.6,529840.78,529850.78,529860.78,529870.78,529880.78,529890.78,529900.78,529910.78,529920.78,529930.78,529940.78,529950.78,529960.78,529970.78,529980.78,529990.78,530000.78,530010.78,530020.78,530030.78,530040.78,530050.78,530060.78
2026-12,2032-10,70,accelerated_ai_load,482.47,96.0,114.99,2.33,1.308,109.32,55.23,531476.69,1212.16,531506.69,531516.69,531526.69,531536.69,531546.69,531556.69,531566.69,531576.69,531586.69,531596.69,531606.69,531616.69,531626.69,531636.69,531646.69,531656.69,531666.69,531676.69,531686.69,531696.69,531706.69,531716.69,531726.69
2026-12,2032-11,71,accelerated_ai_load,482.33,96.0,114.11,-4.34,1.314,109.86,57.6,531471.99,1203.77,531501.99,531511.99,531521.99,531531.99,531541.99,531551.99,531561.99,531571.99,531581.99,531591.99,531601.99,531611.99,531621.99,531631.99,531641.99,531651.99,531661.99,531671.99,531681.99,531691.99,531701.99,531711.99,531721.99
2026-12,2032-12,72,accelerated_ai_load,477.19,96.0,117.3,-5.47,1.317,110.64,61.82,528008.0,1194.28,528038.0,528048.0,528058.0,528068.0,528078.0,528088.0,528098.0,528108.0,528118.0,528128.0,528138.0,528148.0,528158.0,528168.0,528178.0,528188.0,528198.0,528208.0,528218.0,528228.0,528238.0,528248.0,528258.0
2026-12,2033-01,73,accelerated_ai_load,493.06,96.0,117.86,-1.96,1.323,110.74,57.88,545351.51,1238.36,545381.51,545391.51,545401.51,545411.51,545421.51,545431.51,545441.51,545451.51,545461.51,545471.51,545481.51,545491.51,545501.51,545511.51,545521.51,545531.51,545541.51,545551.51,545561.51,545571.51,545581.51,545591.51,545601.51
2026-12,2033-02,74,accelerated_ai_load,496.71,96.0,118.67,2.4,1.314,110.57,58.79,545522.17,1247.51,545552.17,545562.17,545572.17,545582.17,545592.17,545602.17,545612.17,545622.17,545632.17,545642.17,545652.17,545662.17,545672.17,545682.17,545692.17,545702.17,545712.17,545722.17,545732.17,545742.17,545752.17,545762.17,545772.17
2026-12,2033-03,75,accelerated_ai_load,497.35,96.0,124.52,7.05,1.306,110.58,59.83,548885.87,1241.71,548915.87,548925.87,548935.87,548945.87,548955.87,548965.87,548975.87,548985.87,548995.87,549005.87,549015.87,549025.87,549035.87,549045.87,549055.87,549065.87,549075.87,549085.87,549095.87,549105.87,549115.87,549125.87,549135.87
2026-12,2033-04,76,accelerated_ai_load,501.74,96.0,122.56,13.67,1.326,110.23,60.82,560233.3,1274.43,560263.3,560273.3,560283.3,560293.3,560303.3,560313.3,560323.3,560333.3,560343.3,560353.3,560363.3,560373.3,560383.3,560393.3,560403.3,560413.3,560423.3,560433.3,560443.3,560453.3,560463.3,560473.3,560483.3
2026-12,2033-05,77,accelerated_ai_load,506.8,96.0,123.71,18.87,1.301,109.79,57.34,558695.36,1278.91,558725.36,558735.36,558745.36,558755.36,558765.36,558775.36,558785.36,558795.36,558805.36,558815.36,558825.36,558835.36,558845.36,558855.36,558865.36,558875.36,558885.36,558895.36,558905.36,558915.36,558925.36,558935.36,558945.36
2026-12,2033-06,78,accelerated_ai_load,519.04,96.0,125.68,20.03,1.329,111.36,57.85,579618.3,1319.38,579648.3,579658.3,579668.3,579678.3,579688.3,579698.3,579708.3,579718.3,579728.3,579738.3,579748.3,579758.3,579768.3,579778.3,579788.3,579798.3,579808.3,579818.3,579828.3,579838.3,579848.3,579858.3,579868.3
2026-12,2033-07,79,accelerated_ai_load,514.91,96.0,124.75,19.0,1.308,110.88,56.52,565676.67,1290.89,565706.67,565716.67,565726.67,565736.67,565746.67,565756.67,565766.67,565776.67,565786.67,565796.67,565806.67,565816.67,565826.67,565836.67,565846.67,565856.67,565866.67,565876.67,565886.67,565896.67,565906.67,565916.67,565926.67
2026-12,2033-08,80,accelerated_ai_load,516.0,96.0,121.83,14.7,1.313,111.12,57.32,569920.36,1283.06,569950.36,569960.36,569970.36,569980.36,569990.36,570000.36,570010.36,570020.36,570030.36,570040.36,570050.36,570060.36,570070.36,570080.36,570090.36,570100.36,570110.36,570120.36,570130.36,570140.36,570150.36,570160.36,570170.36
2026-12,2033-09,81,accelerated_ai_load,516.93,96.0,121.22,8.06,1.302,111.14,59.19,566464.7,1299.97,566494.7,566504.7,566514.7,566524.7,566534.7,566544.7,566554.7,566564.7,566574.7,566584.7,566594.7,566604.7,566614.7,566624.7,566634.7,566644.7,566654.7,566664.7,566674.7,566684.7,566694.7,566704.7,566714.7
2026-12,2033-10,82,accelerated_ai_load,527.39,96.0,120.86,4.0,1.314,111.8,56.88,576541.91,1300.43,576571.91,576581.91,576591.91,576601.91,576611.91,576621.91,576631.91,576641.91,576651.91,576661.91,576671.91,576681.91,576691.91,576701.91,576711.91,576721.91,576731.91,576741.91,576751.91,576761.91,576771.91,576781.91,576791.91
2026-12,2033-11,83,accelerated_ai_load,529.57,96.0,120.18,-2.27,1.293,111.38,58.21,569336.14,1292.01,569366.14,569376.14,569386.14,569396.14,569406.14,569416.14,569426.14,569436.14,569446.14,569456.14,569466.14,569476.14,569486.14,569496.14,569506.14,569516.14,569526.14,569536.14,569546.14,569556.14,569566.14,569576.14,569586.14
2026-12,2033-12,84,accelerated_ai_load,535.05,96.0,116.57,-5.24,1.325,111.33,65.58,589035.46,1336.93,589065.46,589075.46,589085.46,589095.46,589105.46,589115.46,589125.46,589135.46,589145.46,589155.46,589165.46,589175.46,589185.46,589195.46,589205.46,589215.46,589225.46,589235.46,589245.46,589255.46,589265.46,589275.46,589285.46
2026-12,2034-01,85,accelerated_ai_load,535.98,96.0,116.14,-3.6,1.305,111.71,70.0,580218.83,1320.8,580248.83,580258.83,580268.83,580278.83,580288.83,580298.83,580308.83,580318.83,580328.83,580338.83,580348.83,580358.83,580368.83,580378.83,580388.83,580398.83,580408.83,580418.83,580428.83,580438.83,580448.83,580458.83,580468.83
2026-12,2034-02,86,accelerated_ai_load,545.5,96.0,115.15,1.3,1.309,112.37,69.63,593996.4,1344.26,594026.4,594036.4,594046.4,594056.4,594066.4,594076.4,594086.4,594096.4,594106.4,594116.4,594126.4,594136.4,594146.4,594156.4,594166.4,594176.4,594186.4,594196.4,594206.4,594216.4,594226.4,594236.4,594246.4
2026-12,2034-03,87,accelerated_ai_load,547.85,96.0,115.63,8.66,1.31,112.35,70.0,595723.66,1364.2,595753.66,595763.66,595773.66,595783.66,595793.66,595803.66,595813.66,595823.66,595833.66,595843.66,595853.66,595863.66,595873.66,595883.66,595893.66,595903.66,595913.66,595923.66,595933.66,595943.66,595953.66,595963.66,595973.66
2026-12,2034-04,88,accelerated_ai_load,541.47,96.0,117.66,14.63,1.305,112.55,65.48,588901.0,1344.74,588931.0,588941.0,588951.0,588961.0,588971.0,588981.0,588991.0,589001.0,589011.0,589021.0,589031.0,589041.0,589051.0,589061.0,589071.0,589081.0,589091.0,589101.0,589111.0,589121.0,589131.0,589141.0,589151.0
2026-12,2034-05,89,accelerated_ai_load,563.44,96.0,119.31,18.42,1.318,111.75,65.77,618153.23,1402.14,618183.23,618193.23,618203.23,618213.23,618223.23,618233.23,618243.23,618253.23,618263.23,618273.23,618283.23,618293.23,618303.23,618313.23,618323.23,618333.23,618343.23,618353.23,618363.23,618373.23,618383.23,618393.23,618403.23
2026-12,2034-06,90,accelerated_ai_load,552.8,96.0,120.56,21.02,1.337,111.85,64.31,617227.47,1404.43,617257.47,617267.47,617277.47,617287.47,617297.47,617307.47,617317.47,617327.47,617337.47,617347.47,617357.47,617367.47,617377.47,617387.47,617397.47,617407.47,617417.47,617427.47,617437.47,617447.47,617457.47,617467.47,617477.47
2026-12,2034-07,91,accelerated_ai_load,564.23,96.0,122.1,20.51,1.308,112.09,58.2,615399.64,1393.44,615429.64,615439.64,615449.64,615459.64,615469.64,615479.64,615489.64,615499.64,615509.64,615519.64,615529.64,615539.64,615549.64,615559.64,615569.64,615579.64,615589.64,615599.64,615609.64,615619.64,615629.64,615639.64,615649.64
2026-12,2034-08,92,accelerated_ai_load,573.09,96.0,124.63,13.76,1.313,112.65,61.29,623888.43,1437.22,623918.43,623928.43,623938.43,623948.43,623958.43,623968.43,623978.43,623988.43,623998.43,624008.43,624018.43,624028.43,624038.43,624048.43,624058.43,624068.43,624078.43,624088.43,624098.43,624108.43,624118.43,624128.43,624138.43
2026-12,2034-09,93,accelerated_ai_load,567.2,96.0,126.23,6.55,1.311,112.48,60.58,613942.71,1392.42,613972.71,613982.71,613992.71,614002.71,614012.71,614022.71,614032.71,614042.71,614052.71,614062.71,614072.71,614082.71,614092.71,614102.71,614112.71,614122.71,614132.71,614142.71,614152.71,614162.71,614172.71,614182.71,614192.71
2026-12,2034-10,94,accelerated_ai_load,574.9,96.0,124.83,0.43,1.314,112.43,64.82,625394.83,1428.03,625424.83,625434.83,625444.83,625454.83,625464.83,625474.83,625484.83,625494.83,625504.83,625514.83,625524.83,625534.83,625544.83,625554.83,625564.83,625574.83,625584.83,625594.83,625604.83,625614.83,625624.83,625634.83,625644.83
2026-12,2034-11,95,accelerated_ai_load,580.87,96.0,127.36,-3.15,1.303,112.96,60.31,622309.7,1418.19,622339.7,622349.7,622359.7,622369.7,622379.7,622389.7,622399.7,622409.7,622419.7,622429.7,622439.7,622449.7,622459.7,622469.7,622479.7,622489.7,622499.7,622509.7,622519.7,622529.7,622539.7,622549.7,622559.7
2026-12,2034-12,96,accelerated_ai_load,585.73,96.0,126.7,-5.49,1.315,113.54,69.12,633413.83,1438.3,633443.83,633453.83,633463.83,633473.83,633483.83,633493.83,633503.83,633513.83,633523.83,633533.83,633543.83,633553.83,633563.83,633573.83,633583.83,633593.83,633603.83,633613.83,633623.83,633633.83,633643.83,633653.83,633663.83
2026-12,2035-01,97,accelerated_ai_load,593.15,96.0,127.18,-2.76,1.299,112.93,70.0,632391.01,1437.04,632421.01,632431.01,632441.01,632451.01,632461.01,632471.01,632481.01,632491.01,632501.01,632511.01,632521.01,632531.01,632541.01,632551.01,632561.01,632571.01,632581.01,632591.01,632601.01,632611.01,632621.01,632631.01,632641.01
2026-12,2035-02,98,accelerated_ai_load,590.11,96.0,127.97,0.47,1.307,113.05,70.0,636396.47,1452.59,636426.47,636436.47,636446.47,636456.47,636466.47,636476.47,636486.47,636496.47,636506.47,636516.47,636526.47,636536.47,636546.47,636556.47,636566.47,636576.47,636586.47,636596.47,636606.47,636616.47,636626.47,636636.47,636646.47
2026-12,2035-03,99,accelerated_ai_load,594.04,96.0,126.56,6.6,1.299,112.69,70.0,636654.71,1456.15,636684.71,636694.71,636704.71,636714.71,636724.71,636734.71,636744.71,636754.71,636764.71,636774.71,636784.71,636794.71,636804.71,636814.71,636824.71,636834.71,636844.71,636854.71,636864.71,636874.71,636884.71,636894.71,636904.71
2026-12,2035-04,100,accelerated_ai_load,599.75,96.0,122.17,13.91,1.296,112.81,67.9,642230.13,1477.39,642260.13,642270.13,642280.13,642290.13,642300.13,642310.13,642320.13,642330.13,642340.13,642350.13,642360.13,642370.13,642380.13,642390.13,642400.13,642410.13,642420.13,642430.13,642440.13,642450.13,642460.13,642470.13,642480.13
2026-12,2035-05,101,accelerated_ai_load,608.5,96.0,119.8,21.17,1.322,113.77,68.95,664404.35,1510.6,664434.35,664444.35,664454.35,664464.35,664474.35,664484.35,664494.35,664504.35,664514.35,664524.35,664534.35,664544.35,664554.35,664564.35,664574.35,664584.35,664594.35,664604.35,664614.35,664624.35,664634.35,664644.35,664654.35
2026-12,2035-06,102,accelerated_ai_load,607.97,96.0,121.0,20.77,1.329,113.56,62.27,665831.9,1508.74,665861.9,665871.9,665881.9,665891.9,665901.9,665911.9,665921.9,665931.9,665941.9,665951.9,665961.9,665971.9,665981.9,665991.9,666001.9,666011.9,666021.9,666031.9,666041.9,666051.9,666061.9,666071.9,666081.9
2026-12,2035-07,103,accelerated_ai_load,611.83,96.0,118.38,18.25,1.318,113.91,65.72,665769.58,1510.65,665799.58,665809.58,665819.58,665829.58,665839.58,665849.58,665859.58,665869.58,665879.58,665889.58,665899.58,665909.58,665919.58,665929.58,665939.58,665949.58,665959.58,665969.58,665979.58,665989.58,665999.58,666009.58,666019.58
2026-12,2035-08,104,accelerated_ai_load,617.59,96.0,120.01,15.31,1.318,113.4,60.43,670205.77,1536.01,670235.77,670245.77,670255.77,670265.77,670275.77,670285.77,670295.77,670305.77,670315.77,670325.77,670335.77,670345.77,670355.77,670365.77,670375.77,670385.77,670395.77,670405.77,670415.77,670425.77,670435.77,670445.77,670455.77
2026-12,2035-09,105,accelerated_ai_load,624.16,96.0,119.08,8.18,1.322,113.9,67.2,674432.01,1538.79,674462.01,674472.01,674482.01,674492.01,674502.01,674512.01,674522.01,674532.01,674542.01,674552.01,674562.01,674572.01,674582.01,674592.01,674602.01,674612.01,674622.01,674632.01,674642.01,674652.01,674662.01,674672.01,674682.01
2026-12,2035-10,106,accelerated_ai_load,631.33,96.0,120.49,0.01,1.299,113.79,67.35,670665.14,1538.6,670695.14,670705.14,670715.14,670725.14,670735.14,670745.14,670755.14,670765.14,670775.14,670785.14,670795.14,670805.14,670815.14,670825.14,670835.14,670845.14,670855.14,670865.14,670875.14,670885.14,670895.14,670905.14,670915.14
2026-12,2035-11,107,accelerated_ai_load,638.9,96.0,121.48,-4.48,1.321,114.63,66.5,687524.79,1569.44,687554.79,687564.79,687574.79,687584.79,687594.79,687604.79,687614.79,687624.79,687634.79,687644.79,687654.79,687664.79,687674.79,687684.79,687694.79,687704.79,687714.79,687724.79,687734.79,687744.79,687754.79,687764.79,687774.79
2026-12,2035-12,108,accelerated_ai_load,635.92,96.0,121.3,-4.34,1.322,114.7,70.0,684024.52,1552.75,684054.52,684064.52,684074.52,684084.52,684094.52,684104.52,684114.52,684124.52,684134.52,684144.52,684154.52,684164.52,684174.52,684184.52,684194.52,684204.52,684214.52,684224.52,684234.52,684244.52,684254.52,684264.52,684274.52
2026-12,2036-01,109,accelerated_ai_load,642.66,96.0,123.61,-4.56,1.313,114.49,70.0,682813.65,1564.72,682843.65,682853.65,682863.65,682873.65,682883.65,682893.65,682903.65,682913.65,682923.65,682933.65,682943.65,682953.65,682963.65,682973.65,682983.65,682993.65,683003.65,683013.65,683023.65,683033.65,683043.65,683053.65,683063.65
2026-12,2036-02,110,accelerated_ai_load,644.11,96.0,125.28,1.83,1.305,114.91,70.0,687664.14,1571.92,687694.14,687704.14,687714.14,687724.14,687734.14,687744.14,687754.14,687764.14,687774.14,687784.14,687794.14,687804.14,687814.14,687824.14,687834.14,687844.14,687854.14,687864.14,687874.14,687884.14,687894.14,687904.14,687914.14
2026-12,2036-03,111,accelerated_ai_load,646.98,96.0,128.42,9.16,1.318,115.24,70.0,696465.56,1586.73,696495.56,696505.56,696515.56,696525.56,696535.56,696545.56,696555.56,696565.56,696575.56,696585.56,696595.56,696605.56,696615.56,696625.56,696635.56,696645.56,696655.56,696665.56,696675.56,696685.56,696695.56,696705.56,696715.56
2026-12,2036-04,112,accelerated_ai_load,654.68,96.0,129.9,15.82,1.317,114.57,70.0,704414.65,1605.75,704444.65,704454.65,704464.65,704474.65,704484.65,704494.65,704504.65,704514.65,704524.65,704534.65,704544.65,704554.65,704564.65,704574.65,704584.65,704594.65,704604.65,704614.65,704624.65,704634.65,704644.65,704654.65,704664.65
2026-12,2036-05,113,accelerated_ai_load,663.44,96.0,130.13,18.77,1.305,115.36,70.0,707059.83,1622.99,707089.83,707099.83,707109.83,707119.83,707129.83,707139.83,707149.83,707159.83,707169.83,707179.83,707189.83,707199.83,707209.83,707219.83,707229.83,707239.83,707249.83,707259.83,707269.83,707279.83,707289.83,707299.83,707309.83
2026-12,2036-06,114,accelerated_ai_load,658.64,96.0,131.45,21.71,1.333,115.24,70.0,718257.83,1635.31,718287.83,718297.83,718307.83,718317.83,718327.83,718337.83,718347.83,718357.83,718367.83,718377.83,718387.83,718397.83,718407.83,718417.83,718427.83,718437.83,718447.83,718457.83,718467.83,718477.83,718487.83,718497.83,718507.83
2026-12,2036-07,115,accelerated_ai_load,668.49,96.0,131.08,20.11,1.32,115.72,70.0,717364.46,1633.25,717394.46,717404.46,717414.46,717424.46,717434.46,717444.46,717454.46,717464.46,717474.46,717484.46,717494.46,717504.46,717514.46,717524.46,717534.46,717544.46,717554.46,717564.46,717574.46,717584.46,717594.46,717604.46,717614.46
2026-12,2036-08,116,accelerated_ai_load,669.99,96.0,128.49,16.72,1.315,115.67,67.22,718274.25,1645.97,718304.25,718314.25,718324.25,718334.25,718344.25,718354.25,718364.25,718374.25,718384.25,718394.25,718404.25,718414.25,718424.25,718434.25,718444.25,718454.25,718464.25,718474.25,718484.25,718494.25,718504.25,718514.25,718524.25
2026-12,2036-09,117,accelerated_ai_load,661.68,96.0,127.7,6.2,1.322,115.27,70.0,713153.63,1629.88,713183.63,713193.63,713203.63,713213.63,713223.63,713233.63,713243.63,713253.63,713263.63,713273.63,713283.63,713293.63,713303.63,713313.63,713323.63,713333.63,713343.63,713353.63,713363.63,713373.63,713383.63,713393.63,713403.63
2026-12,2036-10,118,accelerated_ai_load,672.75,96.0,126.52,1.58,1.302,115.49,67.84,711415.9,1622.53,711445.9,711455.9,711465.9,711475.9,711485.9,711495.9,711505.9,711515.9,711525.9,711535.9,711545.9,711555.9,711565.9,711575.9,711585.9,711595.9,711605.9,711615.9,711625.9,711635.9,711645.9,711655.9,711665.9
2026-12,2036-11,119,accelerated_ai_load,673.28,96.0,123.93,-4.17,1.317,115.41,70.0,717871.99,1642.81,717901.99,717911.99,717921.99,717931.99,717941.99,717951.99,717961.99,717971.99,717981.99,717991.99,718001.99,718011.99,718021.99,718031.99,718041.99,718051.99,718061.99,718071.99,718081.99,718091.99,718101.99,718111.99,718121.99
2026-12,2036-12,120,accelerated_ai_load,684.29,96.0,122.24,-3.63,1.321,116.36,70.0,729609.07,1670.47,729639.07,729649.07,729659.07,729669.07,729679.07,729689.07,729699.07,729709.07,729719.07,729729.07,729739.07,729749.07,729759.07,729769.07,729779.07,729789.07,729799.07,729809.07,729819.07,729829.07,729839.07,729849.07,729859.07
2026-12,2037-01,121,accelerated_ai_load,689.28,96.0,122.01,-4.17,1.288,116.05,70.0,720980.11,1642.42,721010.11,721020.11,721030.11,721040.11,721050.11,721060.11,721070.11,721080.11,721090.11,721100.11,721110.11,721120.11,721130.11,721140.11,721150.11,721160.11,721170.11,721180.11,721190.11,721200.11,721210.11,721220.11,721230.11
2026-12,2037-02,122,accelerated_ai_load,694.4,96.0,122.47,1.47,1.331,116.3,70.0,743741.2,1704.79,743771.2,743781.2,743791.2,743801.2,743811.2,743821.2,743831.2,743841.2,743851.2,743861.2,743871.2,743881.2,743891.2,743901.2,743911.2,743921.2,743931.2,743941.2,743951.2,743961.2,743971.2,743981.2,743991.2
2026-12,2037-03,123,accelerated_ai_load,698.25,96.0,123.11,7.52,1.308,115.97,70.0,738827.19,1690.57,738857.19,738867.19,738877.19,738887.19,738897.19,738907.19,738917.19,738927.19,738937.19,738947.19,738957.19,738967.19,738977.19,738987.19,738997.19,739007.19,739017.19,739027.19,739037.19,739047.19,739057.19,739067.19,739077.19
2026-12,2037-04,124,accelerated_ai_load,717.93,96.0,122.83,14.36,1.305,116.53,70.0,758304.6,1743.37,758334.6,758344.6,758354.6,758364.6,758374.6,758384.6,758394.6,758404.6,758414.6,758424.6,758434.6,758444.6,758454.6,758464.6,758474.6,758484.6,758494.6,758504.6,758514.6,758524.6,758534.6,758544.6,758554.6
2026-12,2037-05,125,accelerated_ai_load,714.01,96.0,123.43,18.7,1.326,116.07,70.0,768845.12,1757.4,768875.12,768885.12,768895.12,768905.12,768915.12,768925.12,768935.12,768945.12,768955.12,768965.12,768975.12,768985.12,768995.12,769005.12,769015.12,769025.12,769035.12,769045.12,769055.12,769065.12,769075.12,769085.12,769095.12
2026-12,2037-06,126,accelerated_ai_load,714.04,96.0,125.49,20.28,1.323,116.25,70.0,765657.47,1764.54,765687.47,765697.47,765707.47,765717.47,765727.47,765737.47,765747.47,765757.47,765767.47,765777.47,765787.47,765797.47,765807.47,765817.47,765827.47,765837.47,765847.47,765857.47,765867.47,765877.47,765887.47,765897.47,765907.47
2026-12,2037-07,127,accelerated_ai_load,713.87,96.0,128.1,19.3,1.309,117.19,70.0,758357.41,1729.91,758387.41,758397.41,758407.41,758417.41,758427.41,758437.41,758447.41,758457.41,758467.41,758477.41,758487.41,758497.41,758507.41,758517.41,758527.41,758537.41,758547.41,758557.41,758567.41,758577.41,758587.41,758597.41,758607.41
2026-12,2037-08,128,accelerated_ai_load,722.24,96.0,128.7,14.3,1.319,116.92,70.0,774198.74,1770.47,774228.74,774238.74,774248.74,774258.74,774268.74,774278.74,774288.74,774298.74,774308.74,774318.74,774328.74,774338.74,774348.74,774358.74,774368.74,774378.74,774388.74,774398.74,774408.74,774418.74,774428.74,774438.74,774448.74
2026-12,2037-09,129,accelerated_ai_load,714.73,96.0,132.33,7.06,1.315,117.17,70.0,760507.95,1742.95,760537.95,760547.95,760557.95,760567.95,760577.95,760587.95,760597.95,760607.95,760617.95,760627.95,760637.95,760647.95,760657.95,760667.95,760677.95,760687.95,760697.95,760707.95,760717.95,760727.95,760737.95,760747.95,760757.95
2026-12,2037-10,130,accelerated_ai_load,730.35,96.0,132.31,1.5,1.302,117.37,70.0,767719.23,1743.29,767749.23,767759.23,767769.23,767779.23,767789.23,767799.23,767809.23,767819.23,767829.23,767839.23,767849.23,767859.23,767869.23,767879.23,767889.23,767899.23,767909.23,767919.23,767929.23,767939.23,767949.23,767959.23,767969.23
2026-12,2037-11,131,accelerated_ai_load,725.06,96.0,132.33,-3.51,1.318,116.7,70.0,768700.89,1756.28,768730.89,768740.89,768750.89,768760.89,768770.89,768780.89,768790.89,768800.89,768810.89,768820.89,768830.89,768840.89,768850.89,768860.89,768870.89,768880.89,768890.89,768900.89,768910.89,768920.89,768930.89,768940.89,768950.89
2026-12,2037-12,132,accelerated_ai_load,735.49,96.0,132.78,-4.31,1.317,117.28,70.0,782323.7,1793.63,782353.7,782363.7,782373.7,782383.7,782393.7,782403.7,782413.7,782423.7,782433.7,782443.7,782453.7,782463.7,782473.7,782483.7,782493.7,782503.7,782513.7,782523.7,782533.7,782543.7,782553.7,782563.7,782573.7
2026-12,2038-01,133,accelerated_ai_load,741.22,96.0,133.27,-3.01,1.293,117.14,70.0,770747.27,1768.64,770777.27,770787.27,770797.27,770807.27,770817.27,770827.27,770837.27,770847.27,770857.27,770867.27,770877.27,770887.27,770897.27,770907.27,770917.27,770927.27,770937.27,770947.27,770957.27,770967.27,770977.27,770987.27,770997.27
2026-12,2038-02,134,accelerated_ai_load,736.97,96.0,131.58,0.08,1.314,117.28,70.0,779461.4,1781.69,779491.4,779501.4,779511.4,779521.4,779531.4,779541.4,779551.4,779561.4,779571.4,779581.4,779591.4,779601.4,779611.4,779621.4,779631.4,779641.4,779651.4,779661.4,779671.4,779681.4,779691.4,779701.4,779711.4
2026-12,2038-03,135,accelerated_ai_load,749.64,96.0,129.11,8.71,1.298,117.64,70.0,785891.91,1811.57,785921.91,785931.91,785941.91,785951.91,785961.91,785971.91,785981.91,785991.91,786001.91,786011.91,786021.91,786031.91,786041.91,786051.91,786061.91,786071.91,786081.91,786091.91,786101.91,786111.91,786121.91,786131.91,786141.91
2026-12,2038-04,136,accelerated_ai_load,751.01,96.0,128.31,15.78,1.296,117.58,70.0,786063.29,1801.44,786093.29,786103.29,786113.29,786123.29,786133.29,786143.29,786153.29,786163.29,786173.29,786183.29,786193.29,786203.29,786213.29,786223.29,786233.29,786243.29,786253.29,786263.29,786273.29,786283.29,786293.29,786303.29,786313.29
2026-12,2038-05,137,accelerated_ai_load,760.74,96.0,129.25,18.75,1.292,117.65,70.0,795462.34,1820.78,795492.34,795502.34,795512.34,795522.34,795532.34,795542.34,795552.34,795562.34,795572.34,795582.34,795592.34,795602.34,795612.34,795622.34,795632.34,795642.34,795652.34,795662.34,795672.34,795682.34,795692.34,795702.34,795712.34
2026-12,2038-06,138,accelerated_ai_load,761.58,96.0,126.34,19.42,1.308,117.76,70.0,803261.47,1846.55,803291.47,803301.47,803311.47,803321.47,803331.47,803341.47,803351.47,803361.47,803371.47,803381.47,803391.47,803401.47,803411.47,803421.47,803431.47,803441.47,803451.47,803461.47,803471.47,803481.47,803491.47,803501.47,803511.47
2026-12,2038-07,139,accelerated_ai_load,759.58,96.0,122.07,16.87,1.309,117.98,70.0,805132.59,1852.53,805162.59,805172.59,805182.59,805192.59,805202.59,805212.59,805222.59,805232.59,805242.59,805252.59,805262.59,805272.59,805282.59,805292.59,805302.59,805312.59,805322.59,805332.59,805342.59,805352.59,805362.59,805372.59,805382.59
2026-12,2038-08,140,accelerated_ai_load,773.99,96.0,125.5,14.81,1.312,118.05,70.0,820602.16,1882.78,820632.16,820642.16,820652.16,820662.16,820672.16,820682.16,820692.16,820702.16,820712.16,820722.16,820732.16,820742.16,820752.16,820762.16,820772.16,820782.16,820792.16,820802.16,820812.16,820822.16,820832.16,820842.16,820852.16
2026-12,2038-09,141,accelerated_ai_load,781.7,96.0,124.92,5.79,1.308,118.84,70.0,820539.85,1887.46,820569.85,820579.85,820589.85,820599.85,820609.85,820619.85,820629.85,820639.85,820649.85,820659.85,820669.85,820679.85,820689.85,820699.85,820709.85,820719.85,820729.85,820739.85,820749.85,820759.85,820769.85,820779.85,820789.85
2026-12,2038-10,142,accelerated_ai_load,779.07,96.0,124.33,3.34,1.315,118.56,70.0,821169.34,1891.0,821199.34,821209.34,821219.34,821229.34,821239.34,821249.34,821259.34,821269.34,821279.34,821289.34,821299.34,821309.34,821319.34,821329.34,821339.34,821349.34,821359.34,821369.34,821379.34,821389.34,821399.34,821409.34,821419.34
2026-12,2038-11,143,accelerated_ai_load,778.53,96.0,127.91,-3.74,1.316,119.04,70.0,820275.87,1873.78,820305.87,820315.87,820325.87,820335.87,820345.87,820355.87,820365.87,820375.87,820385.87,820395.87,820405.87,820415.87,820425.87,820435.87,820445.87,820455.87,820465.87,820475.87,820485.87,820495.87,820505.87,820515.87,820525.87
2026-12,2038-12,144,accelerated_ai_load,792.69,96.0,129.45,-6.09,1.312,118.59,70.0,831312.07,1906.61,831342.07,831352.07,831362.07,831372.07,831382.07,831392.07,831402.07,831412.07,831422.07,831432.07,831442.07,831452.07,831462.07,831472.07,831482.07,831492.07,831502.07,831512.07,831522.07,831532.07,831542.07,831552.07,831562.07
2026-12,2039-01,145,accelerated_ai_load,786.33,96.0,130.89,-3.02,1.301,118.57,70.0,818038.74,1870.65,818068.74,818078.74,818088.74,818098.74,818108.74,818118.74,818128.74,818138.74,818148.74,818158.74,818168.74,818178.74,818188.74,818198.74,818208.74,818218.74,818228.74,818238.74,818248.74,818258.74,818268.74,818278.74,818288.74
2026-12,2039-02,146,accelerated_ai_load,794.82,96.0,133.8,-0.22,1.293,119.37,70.0,821673.91,1881.35,821703.91,821713.91,821723.91,821733.91,821743.91,821753.91,821763.91,821773.91,821783.91,821793.91,821803.91,821813.91,821823.91,821833.91,821843.91,821853.91,821863.91,821873.91,821883.91,821893.91,821903.91,821913.91,821923.91
2026-12,2039-03,147,accelerated_ai_load,801.62,96.0,135.45,6.94,1.321,118.97,70.0,847704.09,1947.62,847734.09,847744.09,847754.09,847764.09,847774.09,847784.09,847794.09,847804.09,847814.09,847824.09,847834.09,847844.09,847854.09,847864.09,847874.09,847884.09,847894.09,847904.09,847914.09,847924.09,847934.09,847944.09,847954.09
2026-12,2039-04,148,accelerated_ai_load,805.44,96.0,136.99,14.2,1.298,118.76,70.0,837141.31,1910.1,837171.31,837181.31,837191.31,837201.31,837211.31,837221.31,837231.31,837241.31,837251.31,837261.31,837271.31,837281.31,837291.31,837301.31,837311.31,837321.31,837331.31,837341.31,837351.31,837361.31,837371.31,837381.31,837391.31
2026-12,2039-05,149,accelerated_ai_load,802.75,96.0,136.35,19.5,1.309,119.9,70.0,846051.32,1939.2,846081.32,846091.32,846101.32,846111.32,846121.32,846131.32,846141.32,846151.32,846161.32,846171.32,846181.32,846191.32,846201.32,846211.32,846221.32,846231.32,846241.32,846251.32,846261.32,846271.32,846281.32,846291.32,846301.32
2026-12,2039-06,150,accelerated_ai_load,811.49,96.0,138.5,21.05,1.333,118.96,70.0,868123.33,1978.05,868153.33,868163.33,868173.33,868183.33,868193.33,868203.33,868213.33,868223.33,868233.33,868243.33,868253.33,868263.33,868273.33,868283.33,868293.33,868303.33,868313.33,868323.33,868333.33,868343.33,868353.33,868363.33,868373.33
2026-12,2039-07,151,accelerated_ai_load,813.13,96.0,135.77,18.87,1.309,119.23,70.0,854052.64,1938.52,854082.64,854092.64,854102.64,854112.64,854122.64,854132.64,854142.64,854152.64,854162.64,854172.64,854182.64,854192.64,854202.64,854212.64,854222.64,854232.64,854242.64,854252.64,854262.64,854272.64,854282.64,854292.64,854302.64
2026-12,2039-08,152,accelerated_ai_load,819.84,96.0,135.78,13.48,1.309,119.51,70.0,859239.49,1979.23,859269.49,859279.49,859289.49,859299.49,859309.49,859319.49,859329.49,859339.49,859349.49,859359.49,859369.49,859379.49,859389.49,859399.49,859409.49,859419.49,859429.49,859439.49,859449.49,859459.49,859469.49,859479.49,859489.49
2026-12,2039-09,153,accelerated_ai_load,827.48,96.0,132.49,8.75,1.313,119.98,70.0,865959.73,1990.15,865989.73,865999.73,866009.73,866019.73,866029.73,866039.73,866049.73,866059.73,866069.73,866079.73,866089.73,866099.73,866109.73,866119.73,866129.73,866139.73,866149.73,866159.73,866169.73,866179.73,866189.73,866199.73,866209.73
2026-12,2039-10,154,accelerated_ai_load,830.12,96.0,132.49,0.25,1.296,119.97,70.0,859549.66,1980.54,859579.66,859589.66,859599.66,859609.66,859619.66,859629.66,859639.66,859649.66,859659.66,859669.66,859679.66,859689.66,859699.66,859709.66,859719.66,859729.66,859739.66,859749.66,859759.66,859769.66,859779.66,859789.66,859799.66
2026-12,2039-11,155,accelerated_ai_load,829.05,96.0,130.77,-4.48,1.316,119.63,70.0,869129.89,1982.62,869159.89,869169.89,869179.89,869189.89,869199.89,869209.89,869219.89,869229.89,869239.89,869249.89,869259.89,869269.89,869279.89,869289.89,869299.89,869309.89,869319.89,869329.89,869339.89,869349.89,869359.89,869369.89,869379.89
2026-12,2039-12,156,accelerated_ai_load,842.48,96.0,128.9,-5.14,1.316,120.12,70.0,881294.52,2009.06,881324.52,881334.52,881344.52,881354.52,881364.52,881374.52,881384.52,881394.52,881404.52,881414.52,881424.52,881434.52,881444.52,881454.52,881464.52,881474.52,881484.52,881494.52,881504.52,881514.52,881524.52,881534.52,881544.52
2026-12,2040-01,157,accelerated_ai_load,845.48,96.0,129.75,-3.8,1.331,119.83,70.0,893546.67,2052.48,893576.67,893586.67,893596.67,893606.67,893616.67,893626.67,893636.67,893646.67,893656.67,893666.67,893676.67,893686.67,893696.67,893706.67,893716.67,893726.67,893736.67,893746.67,893756.67,893766.67,893776.67,893786.67,893796.67
2026-12,2040-02,158,accelerated_ai_load,857.85,96.0,126.96,1.93,1.326,120.35,70.0,900853.54,2077.15,900883.54,900893.54,900903.54,900913.54,900923.54,900933.54,900943.54,900953.54,900963.54,900973.54,900983.54,900993.54,901003.54,901013.54,901023.54,901033.54,901043.54,901053.54,901063.54,901073.54,901083.54,901093.54,901103.54
2026-12,2040-03,159,accelerated_ai_load,849.52,96.0,127.72,9.37,1.319,120.84,70.0,892782.3,2047.62,892812.3,892822.3,892832.3,892842.3,892852.3,892862.3,892872.3,892882.3,892892.3,892902.3,892912.3,892922.3,892932.3,892942.3,892952.3,892962.3,892972.3,892982.3,892992.3,893002.3,893012.3,893022.3,893032.3
2026-12,2040-04,160,accelerated_ai_load,847.05,96.0,126.58,13.43,1.319,120.75,70.0,891696.88,2038.03,891726.88,891736.88,891746.88,891756.88,891766.88,891776.88,891786.88,891796.88,891806.88,891816.88,891826.88,891836.88,891846.88,891856.88,891866.88,891876.88,891886.88,891896.88,891906.88,891916.88,891926.88,891936.88,891946.88
2026-12,2040-05,161,accelerated_ai_load,859.7,96.0,129.72,18.61,1.311,120.48,70.0,902410.05,2064.59,902440.05,902450.05,902460.05,902470.05,902480.05,902490.05,902500.05,902510.05,902520.05,902530.05,902540.05,902550.05,902560.05,902570.05,902580.05,902590.05,902600.05,902610.05,902620.05,902630.05,902640.05,902650.05,902660.05
2026-12,2040-06,162,accelerated_ai_load,867.1,96.0,131.75,21.64,1.321,120.92,70.0,916178.64,2101.73,916208.64,916218.64,916228.64,916238.64,916248.64,916258.64,916268.64,916278.64,916288.64,916298.64,916308.64,916318.64,916328.64,916338.64,916348.64,916358.64,916368.64,916378.64,916388.64,916398.64,916408.64,916418.64,916428.64
2026-12,2040-07,163,accelerated_ai_load,854.99,96.0,134.02,17.91,1.316,121.13,70.0,898252.22,2057.99,898282.22,898292.22,898302.22,898312.22,898322.22,898332.22,898342.22,898352.22,898362.22,898372.22,898382.22,898392.22,898402.22,898412.22,898422.22,898432.22,898442.22,898452.22,898462.22,898472.22,898482.22,898492.22,898502.22
2026-12,2040-08,164,accelerated_ai_load,873.8,96.0,135.18,15.19,1.311,120.54,70.0,913727.78,2097.02,913757.78,913767.78,913777.78,913787.78,913797.78,913807.78,913817.78,913827.78,913837.78,913847.78,913857.78,913867.78,913877.78,913887.78,913897.78,913907.78,913917.78,913927.78,913937.78,913947.78,913957.78,913967.78,913977.78
2026-12,2040-09,165,accelerated_ai_load,873.79,96.0,134.91,6.55,1.295,121.66,70.0,901418.06,2077.08,901448.06,901458.06,901468.06,901478.06,901488.06,901498.06,901508.06,901518.06,901528.06,901538.06,901548.06,901558.06,901568.06,901578.06,901588.06,901598.06,901608.06,901618.06,901628.06,901638.06,901648.06,901658.06,901668.06
2026-12,2040-10,166,accelerated_ai_load,873.26,96.0,137.11,2.59,1.31,120.65,70.0,909390.26,2077.03,909420.26,909430.26,909440.26,909450.26,909460.26,909470.26,909480.26,909490.26,909500.26,909510.26,909520.26,909530.26,909540.26,909550.26,909560.26,909570.26,909580.26,909590.26,909600.26,909610.26,909620.26,909630.26,909640.26
2026-12,2040-11,167,accelerated_ai_load,880.47,96.0,141.91,-3.06,1.311,121.32,70.0,913951.85,2100.07,913981.85,913991.85,914001.85,914011.85,914021.85,914031.85,914041.85,914051.85,914061.85,914071.85,914081.85,914091.85,914101.85,914111.85,914121.85,914131.85,914141.85,914151.85,914161.85,914171.85,914181.85,914191.85,914201.85
2026-12,2040-12,168,accelerated_ai_load,887.79,96.0,139.66,-5.4,1.31,121.78,70.0,919864.03,2109.95,919894.03,919904.03,919914.03,919924.03,919934.03,919944.03,919954.03,919964.03,919974.03,919984.03,919994.03,920004.03,920014.03,920024.03,920034.03,920044.03,920054.03,920064.03,920074.03,920084.03,920094.03,920104.03,920114.03
2026-12,2041-01,169,accelerated_ai_load,891.8,96.0,139.12,-3.75,1.307,122.06,70.0,922837.77,2117.02,922867.77,922877.77,922887.77,922897.77,922907.77,922917.77,922927.77,922937.77,922947.77,922957.77,922967.77,922977.77,922987.77,922997.77,923007.77,923017.77,923027.77,923037.77,923047.77,923057.77,923067.77,923077.77,923087.77
2026-12,2041-02,170,accelerated_ai_load,902.86,96.0,139.29,1.42,1.322,121.73,70.0,942503.48,2171.2,942533.48,942543.48,942553.48,942563.48,942573.48,942583.48,942593.48,942603.48,942613.48,942623.48,942633.48,942643.48,942653.48,942663.48,942673.48,942683.48,942693.48,942703.48,942713.48,942723.48,942733.48,942743.48,942753.48
2026-12,2041-03,171,accelerated_ai_load,903.45,96.0,135.52,8.06,1.314,122.4,70.0,940496.82,2162.65,940526.82,940536.82,940546.82,940556.82,940566.82,940576.82,940586.82,940596.82,940606.82,940616.82,940626.82,940636.82,940646.82,940656.82,940666.82,940676.82,940686.82,940696.82,940706.82,940716.82,940726.82,940736.82,940746.82
2026-12,2041-04,172,accelerated_ai_load,902.92,96.0,132.7,15.67,1.305,122.34,70.0,935469.67,2148.41,935499.67,935509.67,935519.67,935529.67,935539.67,935549.67,935559.67,935569.67,935579.67,935589.67,935599.67,935609.67,935619.67,935629.67,935639.67,935649.67,935659.67,935669.67,935679.67,935689.67,935699.67,935709.67,935719.67
2026-12,2041-05,173,accelerated_ai_load,903.23,96.0,133.43,20.1,1.295,122.26,70.0,934497.27,2151.22,934527.27,934537.27,934547.27,934557.27,934567.27,934577.27,934587.27,934597.27,934607.27,934617.27,934627.27,934637.27,934647.27,934657.27,934667.27,934677.27,934687.27,934697.27,934707.27,934717.27,934727.27,934737.27,934747.27
2026-12,2041-06,174,accelerated_ai_load,915.2,96.0,131.85,20.84,1.324,122.53,70.0,965552.88,2197.72,965582.88,965592.88,965602.88,965612.88,965622.88,965632.88,965642.88,965652.88,965662.88,965672.88,965682.88,965692.88,965702.88,965712.88,965722.88,965732.88,965742.88,965752.88,965762.88,965772.88,965782.88,965792.88,965802.88
2026-12,2041-07,175,accelerated_ai_load,916.58,96.0,131.45,19.09,1.298,122.56,70.0,950103.32,2181.28,950133.32,950143.32,950153.32,950163.32,950173.32,950183.32,950193.32,950203.32,950213.32,950223.32,950233.32,950243.32,950253.32,950263.32,950273.32,950283.32,950293.32,950303.32,950313.32,950323.32,950333.32,950343.32,950353.32
2026-12,2041-08,176,accelerated_ai_load,913.47,96.0,130.85,13.56,1.315,122.56,70.0,952627.79,2193.88,952657.79,952667.79,952677.79,952687.79,952697.79,952707.79,952717.79,952727.79,952737.79,952747.79,952757.79,952767.79,952777.79,952787.79,952797.79,952807.79,952817.79,952827.79,952837.79,952847.79,952857.79,952867.79,952877.79
2026-12,2041-09,177,accelerated_ai_load,928.52,96.0,133.42,6.98,1.327,121.6,70.0,971693.11,2233.08,971723.11,971733.11,971743.11,971753.11,971763.11,971773.11,971783.11,971793.11,971803.11,971813.11,971823.11,971833.11,971843.11,971853.11,971863.11,971873.11,971883.11,971893.11,971903.11,971913.11,971923.11,971933.11,971943.11
2026-12,2041-10,178,accelerated_ai_load,930.25,96.0,131.45,-0.07,1.303,122.97,70.0,958858.71,2208.3,958888.71,958898.71,958908.71,958918.71,958928.71,958938.71,958948.71,958958.71,958968.71,958978.71,958988.71,958998.71,959008.71,959018.71,959028.71,959038.71,959048.71,959058.71,959068.71,959078.71,959088.71,959098.71,959108.71
2026-12,2041-11,179,accelerated_ai_load,931.51,96.0,133.0,-3.09,1.288,122.93,70.0,953416.05,2201.8,953446.05,953456.05,953466.05,953476.05,953486.05,953496.05,953506.05,953516.05,953526.05,953536.05,953546.05,953556.05,953566.05,953576.05,953586.05,953596.05,953606.05,953616.05,953626.05,953636.05,953646.05,953656.05,953666.05
2026-12,2041-12,180,accelerated_ai_load,938.11,96.0,134.5,-4.47,1.313,123.54,70.0,969489.35,2228.1,969519.35,969529.35,969539.35,969549.35,969559.35,969569.35,969579.35,969589.35,969599.35,969609.35,969619.35,969629.35,969639.35,969649.35,969659.35,969669.35,969679.35,969689.35,969699.35,969709.35,969719.35,969729.35,969739.35
2026-12,2042-01,181,accelerated_ai_load,945.82,96.0,136.08,-3.47,1.302,123.23,70.0,970770.48,2241.92,970800.48,970810.48,970820.48,970830.48,970840.48,970850.48,970860.48,970870.48,970880.48,970890.48,970900.48,970910.48,970920.48,970930.48,970940.48,970950.48,970960.48,970970.48,970980.48,970990.48,971000.48,971010.48,971020.48
2026-12,2042-02,182,accelerated_ai_load,938.45,96.0,137.97,1.98,1.32,123.04,70.0,980394.09,2243.86,980424.09,980434.09,980444.09,980454.09,980464.09,980474.09,980484.09,980494.09,980504.09,980514.09,980524.09,980534.09,980544.09,980554.09,980564.09,980574.09,980584.09,980594.09,980604.09,980614.09,980624.09,980634.09,980644.09
2026-12,2042-03,183,accelerated_ai_load,958.22,96.0,141.19,8.88,1.313,123.27,70.0,992739.59,2283.51,992769.59,992779.59,992789.59,992799.59,992809.59,992819.59,992829.59,992839.59,992849.59,992859.59,992869.59,992879.59,992889.59,992899.59,992909.59,992919.59,992929.59,992939.59,992949.59,992959.59,992969.59,992979.59,992989.59
2026-12,2042-04,184,accelerated_ai_load,946.49,96.0,140.42,13.97,1.296,123.34,70.0,972934.79,2235.75,972964.79,972974.79,972984.79,972994.79,973004.79,973014.79,973024.79,973034.79,973044.79,973054.79,973064.79,973074.79,973084.79,973094.79,973104.79,973114.79,973124.79,973134.79,973144.79,973154.79,973164.79,973174.79,973184.79
2026-12,2042-05,185,accelerated_ai_load,961.86,96.0,140.47,18.62,1.311,123.99,70.0,997980.22,2292.26,998010.22,998020.22,998030.22,998040.22,998050.22,998060.22,998070.22,998080.22,998090.22,998100.22,998110.22,998120.22,998130.22,998140.22,998150.22,998160.22,998170.22,998180.22,998190.22,998200.22,998210.22,998220.22,998230.22
2026-12,2042-06,186,accelerated_ai_load,956.62,96.0,141.56,21.64,1.339,123.9,70.0,1012723.71,2321.57,1012753.71,1012763.71,1012773.71,1012783.71,1012793.71,1012803.71,1012813.71,1012823.71,1012833.71,1012843.71,1012853.71,1012863.71,1012873.71,1012883.71,1012893.71,1012903.71,1012913.71,1012923.71,1012933.71,1012943.71,1012953.71,1012963.71,1012973.71
2026-12,2042-07,187,accelerated_ai_load,976.38,96.0,143.15,19.54,1.318,123.79,70.0,1016436.02,2333.66,1016466.02,1016476.02,1016486.02,1016496.02,1016506.02,1016516.02,1016526.02,1016536.02,1016546.02,1016556.02,1016566.02,1016576.02,1016586.02,1016596.02,1016606.02,1016616.02,1016626.02,1016636.02,1016646.02,1016656.02,1016666.02,1016676.02,1016686.02
2026-12,2042-08,188,accelerated_ai_load,969.45,96.0,141.02,12.91,1.311,124.1,70.0,1005655.97,2311.0,1005685.97,1005695.97,1005705.97,1005715.97,1005725.97,1005735.97,1005745.97,1005755.97,1005765.97,1005775.97,1005785.97,1005795.97,1005805.97,1005815.97,1005825.97,1005835.97,1005845.97,1005855.97,1005865.97,1005875.97,1005885.97,1005895.97,1005905.97
2026-12,2042-09,189,accelerated_ai_load,986.77,96.0,138.73,6.0,1.298,124.8,70.0,1011627.87,2335.4,1011657.87,1011667.87,1011677.87,1011687.87,1011697.87,1011707.87,1011717.87,1011727.87,1011737.87,1011747.87,1011757.87,1011767.87,1011777.87,1011787.87,1011797.87,1011807.87,1011817.87,1011827.87,1011837.87,1011847.87,1011857.87,1011867.87,1011877.87
2026-12,2042-10,190,accelerated_ai_load,976.82,96.0,138.77,1.4,1.317,124.94,70.0,1016462.83,2331.27,1016492.83,1016502.83,1016512.83,1016522.83,1016532.83,1016542.83,1016552.83,1016562.83,1016572.83,1016582.83,1016592.83,1016602.83,1016612.83,1016622.83,1016632.83,1016642.83,1016652.83,1016662.83,1016672.83,1016682.83,1016692.83,1016702.83,1016712.83
2026-12,2042-11,191,accelerated_ai_load,989.03,96.0,135.82,-4.46,1.307,124.7,70.0,1017774.24,2333.04,1017804.24,1017814.24,1017824.24,1017834.24,1017844.24,1017854.24,1017864.24,1017874.24,1017884.24,1017894.24,1017904.24,1017914.24,1017924.24,1017934.24,1017944.24,1017954.24,1017964.24,1017974.24,1017984.24,1017994.24,1018004.24,1018014.24,1018024.24
2026-12,2042-12,192,accelerated_ai_load,991.02,96.0,134.62,-5.69,1.312,124.29,70.0,1023770.28,2352.37,1023800.28,1023810.28,1023820.28,1023830.28,1023840.28,1023850.28,1023860.28,1023870.28,1023880.28,1023890.28,1023900.28,1023910.28,1023920.28,1023930.28,1023940.28,1023950.28,1023960.28,1023970.28,1023980.28,1023990.28,1024000.28,1024010.28,1024020.28
2026-12,2043-01,193,accelerated_ai_load,989.33,96.0,132.86,-2.97,1.309,123.91,70.0,1018784.9,2344.63,1018814.9,1018824.9,1018834.9,1018844.9,1018854.9,1018864.9,1018874.9,1018884.9,1018894.9,1018904.9,1018914.9,1018924.9,1018934.9,1018944.9,1018954.9,1018964.9,1018974.9,1018984.9,1018994.9,1019004.9,1019014.9,1019024.9,1019034.9
2026-12,2043-02,194,accelerated_ai_load,1000.39,96.0,132.48,3.39,1.311,124.73,70.0,1031252.42,2370.85,1031282.42,1031292.42,1031302.42,1031312.42,1031322.42,1031332.42,1031342.42,1031352.42,1031362.42,1031372.42,1031382.42,1031392.42,1031402.42,1031412.42,1031422.42,1031432.42,1031442.42,1031452.42,1031462.42,1031472.42,1031482.42,1031492.42,1031502.42
2026-12,2043-03,195,accelerated_ai_load,991.77,96.0,134.28,9.05,1.315,125.15,70.0,1029105.51,2359.85,1029135.51,1029145.51,1029155.51,1029165.51,1029175.51,1029185.51,1029195.51,1029205.51,1029215.51,1029225.51,1029235.51,1029245.51,1029255.51,1029265.51,1029275.51,1029285.51,1029295.51,1029305.51,1029315.51,1029325.51,1029335.51,1029345.51,1029355.51
2026-12,2043-04,196,accelerated_ai_load,1002.23,96.0,135.51,13.48,1.328,124.53,70.0,1047741.04,2396.72,1047771.04,1047781.04,1047791.04,1047801.04,1047811.04,1047821.04,1047831.04,1047841.04,1047851.04,1047861.04,1047871.04,1047881.04,1047891.04,1047901.04,1047911.04,1047921.04,1047931.04,1047941.04,1047951.04,1047961.04,1047971.04,1047981.04,1047991.04
2026-12,2043-05,197,accelerated_ai_load,1007.21,96.0,136.21,18.86,1.322,124.82,70.0,1053694.64,2414.76,1053724.64,1053734.64,1053744.64,1053754.64,1053764.64,1053774.64,1053784.64,1053794.64,1053804.64,1053814.64,1053824.64,1053834.64,1053844.64,1053854.64,1053864.64,1053874.64,1053884.64,1053894.64,1053904.64,1053914.64,1053924.64,1053934.64,1053944.64
2026-12,2043-06,198,accelerated_ai_load,1012.8,96.0,138.81,21.01,1.333,124.99,70.0,1065026.26,2444.35,1065056.26,1065066.26,1065076.26,1065086.26,1065096.26,1065106.26,1065116.26,1065126.26,1065136.26,1065146.26,1065156.26,1065166.26,1065176.26,1065186.26,1065196.26,1065206.26,1065216.26,1065226.26,1065236.26,1065246.26,1065256.26,1065266.26,1065276.26
2026-12,2043-07,199,accelerated_ai_load,1015.09,96.0,139.16,19.49,1.297,125.65,70.0,1043061.12,2399.49,1043091.12,1043101.12,1043111.12,1043121.12,1043131.12,1043141.12,1043151.12,1043161.12,1043171.12,1043181.12,1043191.12,1043201.12,1043211.12,1043221.12,1043231.12,1043241.12,1043251.12,1043261.12,1043271.12,1043281.12,1043291.12,1043301.12,1043311.12
2026-12,2043-08,200,accelerated_ai_load,1028.86,96.0,140.87,17.63,1.312,124.95,70.0,1061744.67,2441.29,1061774.67,1061784.67,1061794.67,1061804.67,1061814.67,1061824.67,1061834.67,1061844.67,1061854.67,1061864.67,1061874.67,1061884.67,1061894.67,1061904.67,1061914.67,1061924.67,1061934.67,1061944.67,1061954.67,1061964.67,1061974.67,1061984.67,1061994.67
2026-12,2043-09,201,accelerated_ai_load,1020.93,96.0,143.72,9.2,1.316,125.29,70.0,1055439.35,2417.61,1055469.35,1055479.35,1055489.35,1055499.35,1055509.35,1055519.35,1055529.35,1055539.35,1055549.35,1055559.35,1055569.35,1055579.35,1055589.35,1055599.35,1055609.35,1055619.35,1055629.35,1055639.35,1055649.35,1055659.35,1055669.35,1055679.35,1055689.35
2026-12,2043-10,202,accelerated_ai_load,1026.62,96.0,142.92,0.82,1.313,125.2,70.0,1056484.36,2432.5,1056514.36,1056524.36,1056534.36,1056544.36,1056554.36,1056564.36,1056574.36,1056584.36,1056594.36,1056604.36,1056614.36,1056624.36,1056634.36,1056644.36,1056654.36,1056664.36,1056674.36,1056684.36,1056694.36,1056704.36,1056714.36,1056724.36,1056734.36
2026-12,2043-11,203,accelerated_ai_load,1036.06,96.0,144.54,-2.52,1.312,125.11,70.0,1063407.3,2446.84,1063437.3,1063447.3,1063457.3,1063467.3,1063477.3,1063487.3,1063497.3,1063507.3,1063517.3,1063527.3,1063537.3,1063547.3,1063557.3,1063567.3,1063577.3,1063587.3,1063597.3,1063607.3,1063617.3,1063627.3,1063637.3,1063647.3,1063657.3
2026-12,2043-12,204,accelerated_ai_load,1042.75,96.0,145.83,-5.12,1.31,126.61,70.0,1068477.4,2458.63,1068507.4,1068517.4,1068527.4,1068537.4,1068547.4,1068557.4,1068567.4,1068577.4,1068587.4,1068597.4,1068607.4,1068617.4,1068627.4,1068637.4,1068647.4,1068657.4,1068667.4,1068677.4,1068687.4,1068697.4,1068707.4,1068717.4,1068727.4
2026-12,2044-01,205,accelerated_ai_load,1047.58,96.0,143.21,-2.71,1.315,126.16,70.0,1077452.86,2470.26,1077482.86,1077492.86,1077502.86,1077512.86,1077522.86,1077532.86,1077542.86,1077552.86,1077562.86,1077572.86,1077582.86,1077592.86,1077602.86,1077612.86,1077622.86,1077632.86,1077642.86,1077652.86,1077662.86,1077672.86,1077682.86,1077692.86,1077702.86
2026-12,2044-02,206,accelerated_ai_load,1048.94,96.0,144.28,1.37,1.316,126.05,70.0,1082961.43,2491.18,1082991.43,1083001.43,1083011.43,1083021.43,1083031.43,1083041.43,1083051.43,1083061.43,1083071.43,1083081.43,1083091.43,1083101.43,1083111.43,1083121.43,1083131.43,1083141.43,1083151.43,1083161.43,1083171.43,1083181.43,1083191.43,1083201.43,1083211.43
2026-12,2044-03,207,accelerated_ai_load,1057.71,96.0,142.96,8.41,1.313,125.96,70.0,1088373.77,2505.29,1088403.77,1088413.77,1088423.77,1088433.77,1088443.77,1088453.77,1088463.77,1088473.77,1088483.77,1088493.77,1088503.77,1088513.77,1088523.77,1088533.77,1088543.77,1088553.77,1088563.77,1088573.77,1088583.77,1088593.77,1088603.77,1088613.77,1088623.77
2026-12,2044-04,208,accelerated_ai_load,1053.64,96.0,143.01,12.79,1.311,126.51,70.0,1086446.54,2497.07,1086476.54,1086486.54,1086496.54,1086506.54,1086516.54,1086526.54,1086536.54,1086546.54,1086556.54,1086566.54,1086576.54,1086586.54,1086596.54,1086606.54,1086616.54,1086626.54,1086636.54,1086646.54,1086656.54,1086666.54,1086676.54,1086686.54,1086696.54
2026-12,2044-05,209,accelerated_ai_load,1058.34,96.0,139.01,19.64,1.304,126.26,70.0,1089061.18,2508.65,1089091.18,1089101.18,1089111.18,1089121.18,1089131.18,1089141.18,1089151.18,1089161.18,1089171.18,1089181.18,1089191.18,1089201.18,1089211.18,1089221.18,1089231.18,1089241.18,1089251.18,1089261.18,1089271.18,1089281.18,1089291.18,1089301.18,1089311.18
2026-12,2044-06,210,accelerated_ai_load,1066.68,96.0,137.19,21.63,1.336,127.0,70.0,1121086.16,2566.64,1121116.16,1121126.16,1121136.16,1121146.16,1121156.16,1121166.16,1121176.16,1121186.16,1121196.16,1121206.16,1121216.16,1121226.16,1121236.16,1121246.16,1121256.16,1121266.16,1121276.16,1121286.16,1121296.16,1121306.16,1121316.16,1121326.16,1121336.16
2026-12,2044-07,211,accelerated_ai_load,1063.87,96.0,137.85,20.91,1.332,126.75,70.0,1114578.72,2550.28,1114608.72,1114618.72,1114628.72,1114638.72,1114648.72,1114658.72,1114668.72,1114678.72,1114688.72,1114698.72,1114708.72,1114718.72,1114728.72,1114738.72,1114748.72,1114758.72,1114768.72,1114778.72,1114788.72,1114798.72,1114808.72,1114818.72,1114828.72
2026-12,2044-08,212,accelerated_ai_load,1058.8,96.0,135.03,14.39,1.318,126.85,70.0,1097715.91,2528.89,1097745.91,1097755.91,1097765.91,1097775.91,1097785.91,1097795.91,1097805.91,1097815.91,1097825.91,1097835.91,1097845.91,1097855.91,1097865.91,1097875.91,1097885.91,1097895.91,1097905.91,1097915.91,1097925.91,1097935.91,1097945.91,1097955.91,1097965.91
2026-12,2044-09,213,accelerated_ai_load,1081.79,96.0,135.21,8.5,1.308,126.73,70.0,1109689.68,2550.74,1109719.68,1109729.68,1109739.68,1109749.68,1109759.68,1109769.68,1109779.68,1109789.68,1109799.68,1109809.68,1109819.68,1109829.68,1109839.68,1109849.68,1109859.68,1109869.68,1109879.68,1109889.68,1109899.68,1109909.68,1109919.68,1109929.68,1109939.68
2026-12,2044-10,214,accelerated_ai_load,1078.08,96.0,139.34,0.27,1.311,126.62,70.0,1105427.41,2539.97,1105457.41,1105467.41,1105477.41,1105487.41,1105497.41,1105507.41,1105517.41,1105527.41,1105537.41,1105547.41,1105557.41,1105567.41,1105577.41,1105587.41,1105597.41,1105607.41,1105617.41,1105627.41,1105637.41,1105647.41,1105657.41,1105667.41,1105677.41
2026-12,2044-11,215,accelerated_ai_load,1083.25,96.0,138.5,-2.45,1.307,127.69,70.0,1106642.16,2560.29,1106672.16,1106682.16,1106692.16,1106702.16,1106712.16,1106722.16,1106732.16,1106742.16,1106752.16,1106762.16,1106772.16,1106782.16,1106792.16,1106802.16,1106812.16,1106822.16,1106832.16,1106842.16,1106852.16,1106862.16,1106872.16,1106882.16,1106892.16
2026-12,2044-12,216,accelerated_ai_load,1084.88,96.0,140.81,-5.17,1.3,126.35,70.0,1103325.26,2539.22,1103355.26,1103365.26,1103375.26,1103385.26,1103395.26,1103405.26,1103415.26,1103425.26,1103435.26,1103445.26,1103455.26,1103465.26,1103475.26,1103485.26,1103495.26,1103505.26,1103515.26,1103525.26,1103535.26,1103545.26,1103555.26,1103565.26,1103575.26
2026-12,2045-01,217,accelerated_ai_load,1091.86,96.0,141.17,-1.04,1.308,127.97,70.0,1118625.93,2584.71,1118655.93,1118665.93,1118675.93,1118685.93,1118695.93,1118705.93,1118715.93,1118725.93,1118735.93,1118745.93,1118755.93,1118765.93,1118775.93,1118785.93,1118795.93,1118805.93,1118815.93,1118825.93,1118835.93,1118845.93,1118855.93,1118865.93,1118875.93
2026-12,2045-02,218,accelerated_ai_load,1095.96,96.0,145.37,2.75,1.308,127.32,70.0,1121027.85,2576.22,1121057.85,1121067.85,1121077.85,1121087.85,1121097.85,1121107.85,1121117.85,1121127.85,1121137.85,1121147.85,1121157.85,1121167.85,1121177.85,1121187.85,1121197.85,1121207.85,1121217.85,1121227.85,1121237.85,1121247.85,1121257.85,1121267.85,1121277.85
2026-12,2045-03,219,accelerated_ai_load,1099.49,96.0,143.0,7.43,1.304,127.3,70.0,1122394.48,2593.61,1122424.48,1122434.48,1122444.48,1122454.48,1122464.48,1122474.48,1122484.48,1122494.48,1122504.48,1122514.48,1122524.48,1122534.48,1122544.48,1122554.48,1122564.48,1122574.48,1122584.48,1122594.48,1122604.48,1122614.48,1122624.48,1122634.48,1122644.48
2026-12,2045-04,220,accelerated_ai_load,1113.67,96.0,148.11,14.47,1.311,127.86,70.0,1143427.05,2630.61,1143457.05,1143467.05,1143477.05,1143487.05,1143497.05,1143507.05,1143517.05,1143527.05,1143537.05,1143547.05,1143557.05,1143567.05,1143577.05,1143587.05,1143597.05,1143607.05,1143617.05,1143627.05,1143637.05,1143647.05,1143657.05,1143667.05,1143677.05
2026-12,2045-05,221,accelerated_ai_load,1109.83,96.0,147.57,19.55,1.319,127.91,70.0,1149613.2,2646.79,1149643.2,1149653.2,1149663.2,1149673.2,1149683.2,1149693.2,1149703.2,1149713.2,1149723.2,1149733.2,1149743.2,1149753.2,1149763.2,1149773.2,1149783.2,1149793.2,1149803.2,1149813.2,1149823.2,1149833.2,1149843.2,1149853.2,1149863.2
2026-12,2045-06,222,accelerated_ai_load,1117.2,96.0,149.1,21.12,1.366,128.33,70.0,1192938.16,2727.19,1192968.16,1192978.16,1192988.16,1192998.16,1193008.16,1193018.16,1193028.16,1193038.16,1193048.16,1193058.16,1193068.16,1193078.16,1193088.16,1193098.16,1193108.16,1193118.16,1193128.16,1193138.16,1193148.16,1193158.16,1193168.16,1193178.16,1193188.16
2026-12,2045-07,223,accelerated_ai_load,1112.12,96.0,147.38,18.22,1.317,128.1,70.0,1146321.85,2629.01,1146351.85,1146361.85,1146371.85,1146381.85,1146391.85,1146401.85,1146411.85,1146421.85,1146431.85,1146441.85,1146451.85,1146461.85,1146471.85,1146481.85,1146491.85,1146501.85,1146511.85,1146521.85,1146531.85,1146541.85,1146551.85,1146561.85,1146571.85
2026-12,2045-08,224,accelerated_ai_load,1124.03,96.0,147.81,13.68,1.296,128.24,70.0,1139997.42,2630.85,1140027.42,1140037.42,1140047.42,1140057.42,1140067.42,1140077.42,1140087.42,1140097.42,1140107.42,1140117.42,1140127.42,1140137.42,1140147.42,1140157.42,1140167.42,1140177.42,1140187.42,1140197.42,1140207.42,1140217.42,1140227.42,1140237.42,1140247.42
2026-12,2045-09,225,accelerated_ai_load,1127.47,96.0,144.17,6.73,1.303,128.64,70.0,1148217.31,2648.67,1148247.31,1148257.31,1148267.31,1148277.31,1148287.31,1148297.31,1148307.31,1148317.31,1148327.31,1148337.31,1148347.31,1148357.31,1148367.31,1148377.31,1148387.31,1148397.31,1148407.31,1148417.31,1148427.31,1148437.31,1148447.31,1148457.31,1148467.31
2026-12,2045-10,226,accelerated_ai_load,1125.88,96.0,142.12,0.93,1.323,127.82,70.0,1164103.57,2669.52,1164133.57,1164143.57,1164153.57,1164163.57,1164173.57,1164183.57,1164193.57,1164203.57,1164213.57,1164223.57,1164233.57,1164243.57,1164253.57,1164263.57,1164273.57,1164283.57,1164293.57,1164303.57,1164313.57,1164323.57,1164333.57,1164343.57,1164353.57
2026-12,2045-11,227,accelerated_ai_load,1134.26,96.0,142.13,-2.42,1.314,128.72,70.0,1163180.63,2680.19,1163210.63,1163220.63,1163230.63,1163240.63,1163250.63,1163260.63,1163270.63,1163280.63,1163290.63,1163300.63,1163310.63,1163320.63,1163330.63,1163340.63,1163350.63,1163360.63,1163370.63,1163380.63,1163390.63,1163400.63,1163410.63,1163420.63,1163430.63
2026-12,2045-12,228,accelerated_ai_load,1136.25,96.0,141.86,-5.04,1.321,128.72,70.0,1169024.19,2688.26,1169054.19,1169064.19,1169074.19,1169084.19,1169094.19,1169104.19,1169114.19,1169124.19,1169134.19,1169144.19,1169154.19,1169164.19,1169174.19,1169184.19,1169194.19,1169204.19,1169214.19,1169224.19,1169234.19,1169244.19,1169254.19,1169264.19,1169274.19
2026-12,2046-01,229,accelerated_ai_load,1140.54,96.0,138.59,-2.36,1.299,128.8,70.0,1155521.65,2670.46,1155551.65,1155561.65,1155571.65,1155581.65,1155591.65,1155601.65,1155611.65,1155621.65,1155631.65,1155641.65,1155651.65,1155661.65,1155671.65,1155681.65,1155691.65,1155701.65,1155711.65,1155721.65,1155731.65,1155741.65,1155751.65,1155761.65,1155771.65
2026-12,2046-02,230,accelerated_ai_load,1148.26,96.0,137.79,0.51,1.317,128.34,70.0,1177444.43,2711.16,1177474.43,1177484.43,1177494.43,1177504.43,1177514.43,1177524.43,1177534.43,1177544.43,1177554.43,1177564.43,1177574.43,1177584.43,1177594.43,1177604.43,1177614.43,1177624.43,1177634.43,1177644.43,1177654.43,1177664.43,1177674.43,1177684.43,1177694.43
2026-12,2046-03,231,accelerated_ai_load,1146.19,96.0,138.46,8.59,1.324,128.82,70.0,1183342.42,2725.19,1183372.42,1183382.42,1183392.42,1183402.42,1183412.42,1183422.42,1183432.42,1183442.42,1183452.42,1183462.42,1183472.42,1183482.42,1183492.42,1183502.42,1183512.42,1183522.42,1183532.42,1183542.42,1183552.42,1183562.42,1183572.42,1183582.42,1183592.42
2026-12,2046-04,232,accelerated_ai_load,1157.96,96.0,140.44,15.17,1.318,129.37,70.0,1190526.15,2729.79,1190556.15,1190566.15,1190576.15,1190586.15,1190596.15,1190606.15,1190616.15,1190626.15,1190636.15,1190646.15,1190656.15,1190666.15,1190676.15,1190686.15,1190696.15,1190706.15,1190716.15,1190726.15,1190736.15,1190746.15,1190756.15,1190766.15,1190776.15
2026-12,2046-05,233,accelerated_ai_load,1151.81,96.0,141.85,20.81,1.325,128.25,70.0,1193872.01,2750.38,1193902.01,1193912.01,1193922.01,1193932.01,1193942.01,1193952.01,1193962.01,1193972.01,1193982.01,1193992.01,1194002.01,1194012.01,1194022.01,1194032.01,1194042.01,1194052.01,1194062.01,1194072.01,1194082.01,1194092.01,1194102.01,1194112.01,1194122.01
2026-12,2046-06,234,accelerated_ai_load,1164.64,96.0,143.25,21.55,1.326,129.08,70.0,1206404.94,2778.39,1206434.94,1206444.94,1206454.94,1206464.94,1206474.94,1206484.94,1206494.94,1206504.94,1206514.94,1206524.94,1206534.94,1206544.94,1206554.94,1206564.94,1206574.94,1206584.94,1206594.94,1206604.94,1206614.94,1206624.94,1206634.94,1206644.94,1206654.94
2026-12,2046-07,235,accelerated_ai_load,1171.74,96.0,144.44,19.93,1.323,129.6,70.0,1208393.34,2775.47,1208423.34,1208433.34,1208443.34,1208453.34,1208463.34,1208473.34,1208483.34,1208493.34,1208503.34,1208513.34,1208523.34,1208533.34,1208543.34,1208553.34,1208563.34,1208573.34,1208583.34,1208593.34,1208603.34,1208613.34,1208623.34,1208633.34,1208643.34
2026-12,2046-08,236,accelerated_ai_load,1174.34,96.0,146.14,15.17,1.313,129.76,70.0,1205130.72,2769.68,1205160.72,1205170.72,1205180.72,1205190.72,1205200.72,1205210.72,1205220.72,1205230.72,1205240.72,1205250.72,1205260.72,1205270.72,1205280.72,1205290.72,1205300.72,1205310.72,1205320.72,1205330.72,1205340.72,1205350.72,1205360.72,1205370.72,1205380.72
2026-12,2046-09,237,accelerated_ai_load,1171.54,96.0,148.7,6.26,1.335,129.73,70.0,1218647.01,2797.67,1218677.01,1218687.01,1218697.01,1218707.01,1218717.01,1218727.01,1218737.01,1218747.01,1218757.01,1218767.01,1218777.01,1218787.01,1218797.01,1218807.01,1218817.01,1218827.01,1218837.01,1218847.01,1218857.01,1218867.01,1218877.01,1218887.01,1218897.01
2026-12,2046-10,238,accelerated_ai_load,1181.84,96.0,148.78,0.7,1.321,129.46,70.0,1214546.6,2798.3,1214576.6,1214586.6,1214596.6,1214606.6,1214616.6,1214626.6,1214636.6,1214646.6,1214656.6,1214666.6,1214676.6,1214686.6,1214696.6,1214706.6,1214716.6,1214726.6,1214736.6,1214746.6,1214756.6,1214766.6,1214776.6,1214786.6,1214796.6
2026-12,2046-11,239,accelerated_ai_load,1181.19,96.0,151.12,-3.62,1.304,129.87,70.0,1199033.28,2767.62,1199063.28,1199073.28,1199083.28,1199093.28,1199103.28,1199113.28,1199123.28,1199133.28,1199143.28,1199153.28,1199163.28,1199173.28,1199183.28,1199193.28,1199203.28,1199213.28,1199223.28,1199233.28,1199243.28,1199253.28,1199263.28,1199273.28,1199283.28
2026-12,2046-12,240,accelerated_ai_load,1190.07,96.0,149.29,-5.38,1.322,130.01,70.0,1222071.93,2819.29,1222101.93,1222111.93,1222121.93,1222131.93,1222141.93,1222151.93,1222161.93,1222171.93,1222181.93,1222191.93,1222201.93,1222211.93,1222221.93,1222231.93,1222241.93,1222251.93,1222261.93,1222271.93,1222281.93,1222291.93,1222301.93,1222311.93,1222321.93
